,Pred,Real
0,-49.62309,-57.4
1,9.029889,6.6
2,-63.659428,-65.8
3,-5.3227315,-6.0
4,74.05666,72.3
5,-74.43999,-76.5
6,61.161034,63.8
7,-16.432432,-20.1
8,-14.8759,-18.7
9,-59.532784,-65.8
10,76.42699,83.3
11,-19.650219,-20.5
12,60.682053,64.4
13,-41.93373,-42.4
14,-33.411278,-37.7
15,-53.628624,-54.8
16,-25.250957,-32.9
17,-50.888542,-58.1
18,18.284199,16.2
19,63.007717,69.9
20,-46.202705,-53.4
21,-37.064404,-43.7
22,0.9725509,-2.2
23,13.44007,11.2
24,-54.858448,-62.3
25,-17.861174,-18.6
26,62.443226,72.7
27,3.876153,6.1
28,-25.216888,-26.6
29,62.62428,51.0
30,-14.600421,-16.8
31,-64.54158,-72.3
32,-76.224396,-87.7
33,4.39203,10.3
34,59.019684,67.5
35,27.172138,24.0
36,77.11223,88.0
37,58.17131,52.6
38,-62.349133,-68.5
39,-36.980114,-38.4
40,-74.88813,-76.8
41,24.262209,26.1
42,69.404816,-89.4
43,4.7069545,14.2
44,-3.100814,-1.5
45,81.83205,85.4
46,-13.0303335,-16.7
47,-33.44092,-40.3
48,-70.40034,-85.3
49,2.4832537,0.4
50,-72.682846,-83.9
51,65.50141,57.8
52,30.55527,32.5
53,49.956875,45.9
54,35.12701,42.4
55,67.516594,67.7
56,-45.26084,-40.6
57,70.41134,70.9
58,-49.06135,-48.6
59,79.28649,80.7
60,-42.060795,-86.4
61,4.873164,1.1
62,85.994835,85.7
63,60.01316,49.7
64,25.467882,27.0
65,38.77185,39.6
66,13.787374,13.5
67,5.5999866,5.4
68,48.638573,86.6
69,60.032013,65.6
70,23.294292,32.1
71,-13.624146,-9.4
72,-30.0505,-35.2
73,53.0096,48.2
74,69.00245,76.4
75,47.65476,52.6
76,21.480793,24.5
77,2.646181,1.7
78,-30.268126,-25.7
79,-14.911847,-16.5
80,67.88278,69.8
81,45.609085,40.7
82,-54.285362,-61.0
83,-69.30259,-72.2
84,55.518013,66.1
85,-39.213486,-40.3
86,46.59178,41.9
87,8.859181,4.7
88,-25.384518,-25.9
89,-54.606556,-61.0
90,-54.891193,-58.9
91,73.71946,75.5
92,65.037346,67.3
93,36.862423,39.3
94,-59.871967,-70.2
95,-57.95145,-68.1
96,-49.9589,-51.4
97,5.004255,7.6
98,-15.95622,-18.9
99,2.761822,3.0
100,45.198376,37.6
101,-26.330936,-29.7
102,68.274055,69.7
103,34.325966,37.7
104,9.299547,13.1
105,73.1796,72.3
106,0.3736805,-2.9
107,20.703705,25.9
108,-8.704328,-11.8
109,-58.485134,-78.9
110,-6.799549,-8.6
111,39.109882,41.0
112,60.812553,66.9
113,-63.198086,-68.7
114,79.98194,85.2
115,5.345583,3.0
116,54.503166,50.6
117,-31.531498,-36.8
118,56.503445,54.2
119,-67.53619,-78.2
120,-32.493744,-33.6
121,26.950008,34.6
122,-1.1636121,-0.9
123,-54.92527,-57.7
124,-6.1137214,-5.4
125,45.68848,45.0
126,-30.701664,-36.2
127,59.392982,62.4
128,-47.79734,-49.9
129,48.96873,58.4
130,-46.367393,-43.5
131,-56.10806,-57.0
132,-27.212065,-30.0
133,-78.29224,-79.3
134,24.696136,22.8
135,-63.559284,-66.7
136,0.79929364,0.4
137,47.11195,51.3
138,-57.0932,-58.3
139,-61.35603,-70.7
140,67.23927,67.8
141,43.73881,42.8
142,31.973618,29.2
143,35.083023,33.2
144,-72.084015,-80.7
145,-29.012337,-31.0
146,-68.722046,-61.0
147,-71.57676,-77.9
148,-81.19029,-85.8
149,-73.995224,-89.0
150,62.796577,61.3
151,-74.015114,-81.6
152,19.324606,21.6
153,-60.63792,-68.9
154,-44.65235,86.5
155,10.839215,12.3
156,0.78442246,-8.07e-13
157,-78.58082,85.9
158,-49.936806,-57.1
159,6.143601,12.8
160,-47.637215,-41.7
161,55.490402,55.0
162,-14.26304,-16.0
163,55.482513,67.0
164,68.64456,71.8
165,-39.64229,-39.0
166,33.4583,39.8
167,57.04921,-89.1
168,0.8588014,-1.1
169,60.91748,66.8
170,66.27214,69.7
171,-15.180012,-19.9
172,28.965427,29.6
173,-30.304602,-35.7
174,-47.250557,-50.3
175,-45.79816,-44.0
176,-17.194923,-18.2
177,2.9871464,5.4
178,-66.8464,-66.2
179,-30.155785,-31.4
180,55.746323,84.4
181,-12.556413,-11.0
182,-46.165695,-49.2
183,1.5183893,-0.6
184,-43.235886,-45.1
185,-55.684063,-50.6
186,-49.03796,-62.2
187,-29.948328,-25.1
188,-37.19489,-30.9
189,80.451126,88.2
190,-6.977417,-3.0
191,15.672128,16.6
192,-36.461372,-41.9
193,74.176865,78.5
194,-40.43458,-41.0
195,-59.0533,-68.6
196,76.63544,75.6
197,-25.05593,-22.9
198,-10.796135,-13.7
199,72.541664,70.1
200,-67.27593,-71.4
201,31.337635,28.2
202,22.145718,31.8
203,80.19052,82.5
204,67.61124,70.3
205,-9.398129,-5.9
206,19.79893,18.3
207,-15.147599,-15.3
208,-16.501755,-17.1
209,-58.920097,-62.6
210,-51.627018,-63.3
211,-42.44081,-50.1
212,-2.8080812,-6.0
213,-27.67152,-36.3
214,-65.753654,-66.1
215,55.33039,58.4
216,-4.3373075,-1.1
217,0.8726214,-0.3
218,-45.62335,84.8
219,55.643456,58.6
220,66.257355,61.2
221,-57.72697,-68.0
222,-55.920223,-65.3
223,66.80722,65.9
224,-54.235817,-65.2
225,-60.88624,-64.6
226,-66.27454,-64.7
227,-22.50882,-19.5
228,65.94717,62.2
229,-73.843025,-88.3
230,-18.69577,-18.3
231,41.20209,45.0
232,3.7597005,88.7
233,28.290493,35.2
234,57.3191,59.5
235,40.526188,44.6
236,-69.08857,-72.1
237,-2.1007497,-5.5
238,-54.89457,-83.0
239,-44.659527,-47.6
240,37.620625,27.6
241,-59.853806,-58.5
242,66.09509,75.3
243,67.37481,71.4
244,22.277552,23.2
245,70.732025,79.5
246,0.25284553,-3.1
247,0.12412802,-3.6
248,34.91177,35.8
249,-75.29313,-73.3
250,-23.228882,-26.4
251,-7.8870983,-10.9
252,-38.2627,-36.7
253,-12.419407,-14.1
254,24.592615,26.0
255,1.6164689,2.1
256,30.072742,31.5
257,23.172443,23.4
258,-36.068996,-37.7
259,-52.885857,-66.2
260,73.61205,84.7
261,65.39072,69.1
262,50.279865,50.9
263,43.968098,49.6
264,2.3999197,5.6
265,-47.896957,-53.9
266,-10.591162,-11.3
267,65.666176,65.3
268,-31.399536,-34.4
269,21.73908,21.4
270,70.30211,71.8
271,-22.14524,-25.7
272,25.625784,25.8
273,60.944992,60.7
274,-16.502092,-13.0
275,47.196716,50.5
276,-55.857586,-59.1
277,40.401886,41.3
278,63.06203,63.0
279,62.158997,61.6
280,-52.837906,-58.2
281,73.22651,83.2
282,-39.06787,-45.8
283,52.38751,52.0
284,68.5905,65.4
285,43.09047,-80.5
286,-3.3602104,-5.1
287,81.31328,86.5
288,-53.072235,-52.9
289,-63.775444,-75.7
290,-11.870011,-12.3
291,-8.35573,-8.8
292,71.95115,70.9
293,-78.22819,-86.2
294,-71.91499,-83.5
295,-66.03596,-75.4
296,-14.879593,-19.2
297,67.0806,74.1
298,67.47556,78.2
299,69.59197,66.5
300,21.27426,22.5
301,4.20826,7.0
302,2.447251,3.0
303,79.41407,78.8
304,0.30827743,0.4
305,46.524208,50.5
306,-16.113033,-15.0
307,-48.37021,-48.2
308,-12.615099,-12.6
309,-68.61691,-81.8
310,27.358278,29.1
311,42.72098,-75.1
312,78.36877,80.5
313,73.49447,82.2
314,12.501622,15.6
315,-29.205431,-35.7
316,-61.972237,-70.1
317,40.37128,-89.0
318,-47.77308,-57.3
319,21.593798,8.4
320,-25.847982,-29.4
321,20.60837,18.9
322,-46.699238,-52.9
323,56.26513,62.7
324,-42.24265,-45.9
325,-11.253911,-7.1
326,-12.324007,-12.8
327,-39.88755,-42.4
328,81.710945,83.0
329,-13.464419,-14.8
330,12.618983,7.2
331,36.64131,37.8
332,-39.92662,-44.2
333,59.75201,59.3
334,52.423344,54.5
335,-7.8182864,-8.9
336,79.74119,87.8
337,57.87827,58.4
338,-73.603264,-83.8
339,18.00443,12.7
340,-69.21246,-68.3
341,73.67158,74.5
342,26.562294,27.7
343,-25.790934,-24.5
344,-11.308354,-13.4
345,-65.03105,-67.1
346,16.765083,12.9
347,-3.2843673,-8.0
348,37.66467,43.8
349,-60.56333,-72.6
350,-60.70104,-72.7
351,67.40452,68.4
352,3.958185,6.9
353,22.385525,28.0
354,-25.274473,-23.9
355,-74.29209,-70.7
356,13.423471,17.1
357,-67.4424,-66.6
358,72.72005,85.1
359,-53.06277,-52.5
360,45.905525,49.3
361,-30.677309,-39.9
362,-58.04332,-54.9
363,18.44491,-81.1
364,20.872572,21.4
365,82.934074,83.7
366,15.958413,11.8
367,50.44595,54.1
368,74.80863,73.6
369,-32.132027,-32.8
370,71.09469,78.2
371,-67.77108,-87.0
372,74.15666,78.3
373,28.402584,28.5
374,4.994977,12.4
375,21.6916,22.9
376,-74.69796,-87.4
377,42.655926,38.0
378,68.675446,67.9
379,40.69065,48.8
380,30.621126,30.9
381,4.44961,9.9
382,37.7167,43.0
383,-40.446503,-45.0
384,-47.75053,-51.2
385,44.54482,48.8
386,-56.975197,-63.9
387,-15.580566,-19.7
388,-54.81204,-54.2
389,35.981133,31.4
390,71.31346,73.0
391,-6.7041826,-10.8
392,-69.98702,-71.3
393,64.61424,64.5
394,-73.568886,-82.6
395,62.397507,61.5
396,59.89314,60.0
397,56.551006,57.7
398,46.363697,88.4
399,-56.289577,-58.7
400,63.774467,62.0
401,12.480457,0.4
402,-45.484814,-47.7
403,82.075294,89.6
404,-21.212376,-26.3
405,-55.828514,-63.4
406,55.63979,66.8
407,88.517334,89.5
408,75.40165,84.0
409,-61.00309,-65.3
410,8.039093,-3.2
411,-27.006584,-37.2
412,16.788948,17.3
413,-25.049278,-28.1
414,-17.430824,-23.5
415,-16.384464,-16.3
416,1.5094614,0.4
417,82.569786,76.8
418,59.193966,-89.6
419,29.81935,30.7
420,55.331078,55.3
421,-11.7064705,-18.4
422,-62.67875,-64.0
423,-39.353794,-38.3
424,68.34571,80.5
425,13.330675,18.1
426,-62.16362,-66.2
427,40.641716,41.1
428,38.955906,46.8
429,76.94198,85.5
430,-16.430946,-19.2
431,66.42588,71.6
432,21.19409,22.7
433,66.864815,77.2
434,31.236317,33.7
435,-47.984516,-52.4
436,-53.900337,-67.8
437,-42.231113,-40.1
438,0.7069666,-1.7
439,-16.461382,-15.8
440,-10.914079,-7.9
441,-53.778248,-59.4
442,-58.929066,-65.0
443,63.51478,65.4
444,-51.94673,-58.8
445,27.15301,30.1
446,-58.93904,-65.7
447,18.419092,28.4
448,-64.68682,-75.0
449,75.06432,75.9
450,21.391209,-31.4
451,-48.71507,-50.9
452,1.6295995,0.5
453,-52.925182,-68.9
454,-11.542203,-8.0
455,-61.596153,-85.7
456,-31.790083,-34.0
457,-38.04183,-40.7
458,-43.66688,-44.6
459,64.9191,68.7
460,56.8442,49.4
461,78.16106,-85.9
462,51.113297,51.6
463,-52.997734,-62.0
464,-57.253323,-55.3
465,45.107746,43.3
466,59.45193,58.5
467,-71.15846,-88.5
468,-57.392635,-67.9
469,43.678215,43.2
470,-66.4053,-73.5
471,41.601646,37.1
472,31.597322,34.7
473,-30.080822,-35.8
474,26.607115,29.3
475,25.571775,27.3
476,-7.5765433,88.1
477,74.336006,85.7
478,-78.68159,-86.4
479,35.25037,35.4
480,33.16163,37.6
481,-34.487137,-40.2
482,-34.609722,-36.9
483,58.041218,52.5
484,1.1740029,-1.6
485,1.6156423,1.3
486,58.768906,61.0
487,70.00615,79.5
488,55.04978,53.4
489,-35.147293,-33.8
490,69.06249,76.6
491,74.10455,84.0
492,46.133003,40.7
493,5.376292,7.9
494,74.534584,-87.4
495,-6.994129,-3.9
496,-61.40468,-68.3
497,29.445606,27.4
498,49.845196,53.5
499,-16.211351,-20.2
500,37.575054,43.6
501,-65.47404,-83.0
502,72.64375,74.0
503,28.405338,24.6
504,0.3485544,1.0
505,38.689762,36.6
506,-4.7692003,66.9
507,14.008181,15.1
508,-67.36947,-75.4
509,32.34252,36.0
510,85.080666,80.1
511,-15.599981,-16.8
512,1.1453305,-0.5
513,50.04703,48.8
514,-15.718912,-16.7
515,66.31346,70.1
516,61.298485,58.7
517,-46.996414,-49.0
518,72.82151,75.8
519,80.696335,70.0
520,19.695314,22.4
521,-35.384113,-34.2
522,5.348599,11.2
523,26.51257,38.2
524,58.51715,86.2
525,45.132927,40.6
526,48.875366,44.6
527,-20.335123,-22.9
528,-3.0031304,-3.0
529,57.38231,64.0
530,-14.771416,-19.5
531,53.309006,53.8
532,-7.3802133,-7.4
533,60.105587,58.1
534,80.03483,91.4
535,67.793564,69.4
536,14.909835,15.7
537,-14.663962,-12.0
538,86.10225,87.4
539,20.606796,22.6
540,80.637764,88.0
541,0.9916907,-1.3
542,21.349798,23.9
543,63.450924,58.8
544,42.954613,43.2
545,56.093338,58.6
546,-58.727833,-86.4
547,-57.07993,-65.2
548,-65.4139,-70.0
549,-12.974096,-16.8
550,-62.11439,-69.9
551,5.542659,-8.2
552,2.163284,1.5
553,71.84006,72.7
554,41.99871,46.4
555,26.269968,30.3
556,-77.101295,-76.0
557,-20.183298,-20.1
558,74.73275,75.6
559,-38.392212,-32.1
560,18.448593,18.3
561,28.375765,31.3
562,-54.781197,-59.9
563,-51.3991,-50.3
564,-34.961426,-35.6
565,-27.059387,-22.6
566,47.120434,53.7
567,63.071175,69.5
568,45.300545,45.4
569,58.47021,64.4
570,-8.270425,-9.5
571,-58.66704,-63.7
572,-54.409565,-63.1
573,-57.536713,-59.1
574,-16.167715,-17.1
575,13.064873,13.8
576,3.3951488,10.2
577,30.967798,33.6
578,16.883614,20.1
579,36.29567,38.5
580,-42.476776,-60.1
581,-35.3715,-42.8
582,19.645435,22.1
583,68.51169,73.8
584,-47.684143,-53.0
585,62.337307,63.2
586,0.6397421,30.1
587,-45.79469,-51.8
588,29.11489,35.3
589,40.04284,40.4
590,40.977364,44.0
591,46.466255,48.0
592,13.406289,11.4
593,-12.034166,-13.3
594,-55.46658,-62.4
595,-5.140446,-7.1
596,-0.33633825,-1.0
597,-12.682355,-11.9
598,58.28927,62.4
599,-53.57587,-65.6
600,-25.290085,-21.3
601,82.8805,-80.2
602,-62.526108,-70.1
603,81.5609,72.5
604,-50.88017,-48.3
605,-69.64888,-79.8
606,-17.677183,-24.8
607,-2.2529914,-4.3
608,26.846104,27.9
609,20.122553,19.2
610,65.12083,65.8
611,-41.67854,-40.9
612,67.99392,58.2
613,-62.3999,-70.2
614,32.105633,29.5
615,2.4405189,5.4
616,46.585926,45.8
617,-31.230225,-34.0
618,-49.99698,-49.9
619,41.233643,41.8
620,-60.72801,-56.8
621,-25.976397,-27.7
622,-31.455011,-42.5
623,-63.030655,-71.2
624,19.822065,17.7
625,80.97948,-84.8
626,32.465866,35.6
627,-2.0274494,28.9
628,-26.196198,-28.7
629,57.987236,55.0
630,-41.61633,-40.7
631,83.035675,81.1
632,-13.053591,-14.9
633,11.12847,-84.9
634,50.393402,85.8
635,10.868069,13.4
636,34.07352,32.6
637,34.240612,39.8
638,-6.355222,-7.9
639,-24.59543,-31.8
640,43.02292,34.2
641,-48.03879,-52.8
642,-27.492525,-31.9
643,-60.883472,-59.3
644,62.271557,59.8
645,-30.34127,-30.7
646,-21.240665,-30.5
647,-52.147194,83.6
648,-50.33248,-53.8
649,-35.28311,-35.5
650,-11.187637,-4.5
651,-38.543324,-42.9
652,-60.80316,-66.4
653,76.26986,84.2
654,-50.30926,-53.8
655,-35.54776,-38.1
656,-17.026688,-14.9
657,-45.80618,-48.7
658,-81.95087,88.2
659,-61.63819,-61.7
660,-20.078663,-24.6
661,-83.539154,88.5
662,-14.766415,-6.2
663,-67.442795,-59.1
664,65.43969,64.7
665,81.26977,-88.3
666,19.73177,25.7
667,16.330898,18.4
668,4.1833034,5.3
669,59.906296,70.5
670,57.10451,69.2
671,72.59563,74.7
672,55.407616,57.5
673,53.116165,59.1
674,-19.164967,-16.3
675,67.27995,-88.7
676,-28.22772,-35.1
677,47.90586,51.2
678,30.96584,36.2
679,-43.841686,-46.8
680,-36.43758,-41.1
681,-73.26697,-87.2
682,-61.989956,-66.0
683,80.67535,83.2
684,-17.542051,-21.2
685,5.931817,6.8
686,9.367372,9.7
687,52.906258,53.2
688,-18.077662,-23.2
689,31.529062,37.5
690,25.046623,25.6
691,54.263947,86.4
692,26.387348,29.1
693,21.56878,21.8
694,-46.40608,-42.8
695,2.3033679,4.4
696,-34.956886,-37.6
697,11.512871,11.4
698,-58.839775,-62.0
699,-65.83497,-67.7
700,16.134947,23.0
701,91.097435,87.6
702,-9.246314,-7.8
703,-72.322685,-84.5
704,-19.733017,-29.6
705,39.18449,41.5
706,-68.28712,-76.1
707,56.075275,64.7
708,-19.241224,-22.4
709,13.019799,15.4
710,-71.970375,-87.6
711,-57.086563,-71.7
712,-73.33743,-87.0
713,59.770405,48.4
714,-6.6003,-5.1
715,-15.694427,-21.8
716,-2.8059473,10.6
717,-85.38502,-88.6
718,-56.064808,-54.5
719,35.600098,32.6
720,-33.256634,-34.8
721,-69.27027,82.6
722,68.26187,76.7
723,-10.3248205,-10.7
724,-35.514126,-41.2
725,55.084465,77.2
726,-17.981133,-21.0
727,-33.740837,-39.1
728,53.36699,60.8
729,60.492424,68.7
730,-29.799292,75.0
731,-67.83596,-80.0
732,-72.95023,-75.7
733,-68.249596,-72.1
734,-57.892006,-62.8
735,-46.66176,-43.1
736,40.483166,32.4
737,32.260723,45.2
738,49.440952,57.6
739,-61.068092,-79.9
740,-31.975723,-35.1
741,-73.653275,-84.9
742,-5.3929014,-3.5
743,-41.75483,-53.5
744,87.5291,86.6
745,-42.08352,-45.6
746,44.631054,53.2
747,-44.319794,-44.2
748,-60.737167,-64.3
749,-3.287775,-4.9
750,24.449373,30.7
751,-74.41591,-83.7
752,-69.73801,75.2
753,20.823605,22.4
754,10.469024,12.0
755,65.4419,64.9
756,-51.890182,-55.6
757,-63.433517,-89.2
758,19.864231,19.6
759,38.60658,40.1
760,69.63926,-73.3
761,-17.685045,-9.9
762,-54.53265,-64.1
763,41.621082,35.9
764,-15.039085,-20.1
765,-63.69636,-68.6
766,21.186008,25.5
767,41.355553,48.1
768,23.228119,24.0
769,-41.685154,-42.6
770,-62.2366,-71.8
771,-52.70743,-57.3
772,50.069702,58.6
773,34.495342,36.2
774,-36.065346,-36.5
775,0.32944834,-4.5
776,17.746935,11.7
777,0.24858406,-2.0
778,75.20857,63.8
779,73.343056,63.0
780,-22.091106,-18.6
781,-55.487595,-63.1
782,41.441437,50.6
783,-5.411935,-5.0
784,70.33364,74.7
785,80.56815,85.6
786,19.607695,17.2
787,29.464561,24.4
788,-75.00052,-76.7
789,-47.04345,-51.0
790,-43.59535,-43.3
791,42.510056,41.7
792,-58.69929,-64.6
793,72.66573,79.6
794,-22.171686,-27.4
795,-52.631527,-64.5
796,57.50746,56.1
797,52.187103,43.4
798,-40.354633,-53.8
799,32.387848,36.3
800,-12.513597,-12.4
801,-38.921886,-48.2
802,-43.684425,-47.9
803,63.814674,73.4
804,8.880528,9.9
805,-80.57658,-84.6
806,0.9887431,0.8
807,-37.1662,-42.0
808,-65.87612,-59.5
809,-35.49912,-40.6
810,78.08727,78.7
811,24.746706,33.5
812,2.432433,8.3
813,22.955507,25.7
814,45.288975,44.7
815,13.779468,10.4
816,77.25396,82.4
817,-60.831654,-65.5
818,-65.239914,-72.0
819,-66.330925,-72.6
820,45.506565,54.8
821,49.38742,51.6
822,25.889025,28.0
823,3.9661548,4.9
824,-44.202576,-50.0
825,-43.823673,-47.0
826,75.963554,89.7
827,8.650171,10.9
828,66.74769,72.2
829,67.86967,72.9
830,52.331085,54.4
831,37.381283,36.7
832,22.652468,19.6
833,-25.536976,-29.3
834,51.920177,53.7
835,4.081162,3.2
836,68.09635,74.2
837,36.934834,32.5
838,-46.671177,-47.7
839,71.6806,71.4
840,14.84376,21.2
841,-11.02424,-9.8
842,-4.7066126,-8.9
843,-64.35124,-72.7
844,-74.96709,-75.7
845,78.46027,84.6
846,-7.953173,-9.9
847,-49.859787,-55.8
848,-38.213455,-47.1
849,-30.467865,-36.8
850,-78.296005,-76.7
851,21.657692,21.7
852,76.863686,-87.9
853,-20.016104,-17.4
854,-74.19386,-68.7
855,-62.99267,-81.4
856,55.497017,54.7
857,-13.576501,-16.4
858,16.20575,22.3
859,58.39835,63.6
860,-33.980267,-39.1
861,-44.648167,-42.2
862,-8.842413,-10.4
863,83.58781,81.0
864,51.74232,51.8
865,66.540535,73.1
866,-28.622736,-31.7
867,69.43089,73.1
868,0.030714981,-2.5
869,-21.80167,-38.9
870,48.071106,61.4
871,-22.724142,-24.3
872,-7.496175,-6.5
873,-15.545984,-9.4
874,66.17073,67.3
875,61.108566,78.0
876,-10.995619,-15.9
877,63.574604,67.0
878,68.270615,87.1
879,-65.53184,-67.6
880,-50.38414,-63.8
881,11.920415,11.6
882,-35.714233,-30.9
883,-31.167347,-77.0
884,-78.89916,-85.5
885,-9.183519,-7.8
886,10.66752,8.0
887,-65.409874,-58.4
888,-58.755085,-65.6
889,-15.237577,-19.9
890,-62.337204,-67.6
891,-42.067455,-85.1
892,28.885801,33.4
893,-9.744926,-8.2
894,-75.93575,-76.1
895,62.903534,69.8
896,58.929474,67.9
897,-45.59465,-47.3
898,-37.32434,-48.3
899,33.92123,41.4
900,-37.101826,-41.3
901,16.086319,12.9
902,-36.739433,-56.0
903,35.812546,40.5
904,-63.028095,-68.9
905,-51.102314,-52.8
906,26.429081,22.7
907,82.43212,85.0
908,-58.06858,-62.3
909,-64.892624,-81.6
910,6.152324,7.8
911,-71.06251,-68.7
912,18.525642,16.4
913,-41.768673,-46.3
914,48.026363,48.9
915,60.06048,52.9
916,29.264423,81.1
917,53.160084,53.0
918,11.917307,12.0
919,-5.979091,-9.9
920,22.490618,27.5
921,-38.10596,-46.3
922,63.456917,58.7
923,-57.08715,-76.7
924,-46.683395,-53.1
925,-8.569769,-16.0
926,64.18095,71.0
927,-72.608795,-87.7
928,38.487038,40.8
929,22.59952,28.8
930,59.283142,56.9
931,-47.75001,-48.1
932,-16.766232,-15.7
933,82.64016,79.9
934,-64.87225,-72.2
935,-62.47384,-71.7
936,-36.95636,-41.9
937,-62.400024,-69.7
938,-61.786213,-67.8
939,21.98689,25.6
940,69.979065,81.6
941,24.17919,26.1
942,-7.7045236,-7.6
943,45.10319,51.7
944,-30.249111,-29.9
945,65.33895,64.0
946,36.436653,37.1
947,-47.758404,-51.2
948,46.515034,63.2
949,-52.136795,-53.9
950,87.0431,86.0
951,39.835567,46.1
952,46.331356,48.4
953,-40.035736,-47.3
954,17.27732,13.9
955,44.049767,44.1
956,37.70172,38.0
957,-67.50506,-81.1
958,54.87423,59.2
959,-1.4737372,-3.5
960,-21.229105,-27.7
961,-14.876395,-18.0
962,29.622402,28.6
963,53.668205,57.4
964,4.9105296,9.1
965,56.9889,61.3
966,-50.3412,-54.1
967,29.887493,36.0
968,-1.7136254,-4.8
969,-21.813702,-29.7
970,-42.23405,-42.2
971,56.602554,57.4
972,-78.10528,-81.2
973,3.1800966,-3.6
974,-27.25039,-86.5
975,76.642555,83.7
976,-58.937397,-56.1
977,65.86924,-86.3
978,-17.926834,-19.5
979,-24.516459,-27.3
980,-66.1804,-70.3
981,34.63456,32.8
982,75.30204,78.6
983,41.08521,40.7
984,-74.63992,-88.5
985,-17.214735,-14.6
986,64.44842,82.1
987,-36.46965,-36.3
988,-67.95127,-70.5
989,-42.89775,-44.3
990,-50.6457,-62.6
991,68.32998,73.6
992,-58.22935,-62.2
993,-82.707794,-88.3
994,-25.8265,-27.6
995,63.940834,67.1
996,14.998147,15.2
997,92.17262,-87.9
998,35.988655,44.9
999,41.80983,39.6
1000,61.66791,63.5
1001,82.93281,-85.4
1002,-8.368368,-22.1
1003,26.560537,28.3
1004,5.991622,8.3
1005,0.5632411,-1.8
1006,72.570435,-89.6
1007,-29.828228,-29.2
1008,-10.885575,-10.7
1009,74.68508,70.6
1010,-43.882004,-41.9
1011,-29.237534,-33.6
1012,14.150537,21.8
1013,-53.59535,-82.0
1014,-71.80016,-76.6
1015,-78.99903,87.6
1016,-22.694744,-22.7
1017,-22.444294,-18.5
1018,64.49069,65.0
1019,-8.987403,-9.6
1020,-57.0828,-81.8
1021,7.418936,5.2
1022,-40.918327,-48.3
1023,67.77639,77.3
1024,-38.44882,-39.0
1025,-76.16604,-85.8
1026,-62.478737,-65.0
1027,16.184145,15.5
1028,-70.67317,-82.9
1029,86.90583,90.8
1030,-33.150112,-35.6
1031,52.53968,53.3
1032,-32.27157,-88.0
1033,58.420547,74.7
1034,-11.120203,-11.1
1035,-19.568977,-15.5
1036,78.475914,83.9
1037,20.171083,19.5
1038,-0.9051389,-1.6
1039,39.887383,40.2
1040,-18.374588,-16.2
1041,-21.45238,-23.6
1042,66.0946,69.1
1043,40.81151,-82.0
1044,12.550891,16.4
1045,-21.312557,-22.1
1046,23.261486,22.0
1047,29.554424,31.2
1048,-61.37221,-67.4
1049,-22.648989,-26.7
1050,-48.347477,-68.9
1051,4.5774183,7.5
1052,77.7957,91.7
1053,50.718174,57.8
1054,79.347855,80.7
1055,63.497883,61.9
1056,70.99699,83.3
1057,-69.62167,-79.9
1058,-3.3326793,-2.8
1059,-18.322739,-18.7
1060,-58.38513,-64.0
1061,-27.920168,-32.0
1062,-24.029575,-22.1
1063,32.16863,26.5
1064,85.233444,-83.4
1065,42.540394,42.5
1066,26.628574,25.1
1067,-55.271355,-88.9
1068,46.89228,46.1
1069,-24.839743,-25.1
1070,66.156654,75.4
1071,23.8072,25.7
1072,5.44455,-0.6
1073,-46.084732,-47.6
1074,62.154213,-81.8
1075,-7.967519,-4.8
1076,22.31368,26.4
1077,55.659237,55.1
1078,-74.363205,-74.8
1079,-21.007128,-23.3
1080,79.04034,80.9
1081,49.593063,48.6
1082,46.92573,46.9
1083,-15.744615,-15.8
1084,-76.001915,-78.9
1085,-37.145256,-41.0
1086,-15.76752,-18.5
1087,30.078356,38.8
1088,-17.973759,-19.3
1089,-71.06281,-62.0
1090,70.56106,87.2
1091,28.820791,33.4
1092,-28.332157,-31.9
1093,-5.2647896,-6.9
1094,-60.534836,-71.0
1095,40.917698,38.9
1096,10.515597,17.3
1097,-1.988671,-6.1
1098,0.853472,-3.2
1099,73.06592,74.0
1100,16.832296,16.0
1101,58.13085,66.0
1102,3.045771,0.5
1103,-22.361067,-17.9
1104,-46.416733,-50.4
1105,7.0639906,13.5
1106,-30.791306,-32.3
1107,-2.847145,-5.2
1108,63.997627,68.4
1109,40.79093,42.2
1110,-47.240646,-44.5
1111,-47.8736,-51.9
1112,-15.051543,-7.5
1113,-66.834435,-69.5
1114,46.56617,54.9
1115,-15.392908,-13.8
1116,26.749823,31.4
1117,-85.69066,88.9
1118,-1.3979611,-2.9
1119,-8.106431,90.1
1120,-11.580925,-18.8
1121,62.43985,59.1
1122,52.738743,56.0
1123,-12.186351,-14.5
1124,-59.572124,-66.8
1125,49.02691,55.2
1126,33.56232,34.4
1127,-35.42717,-38.0
1128,-71.16664,-70.8
1129,-51.727425,-56.4
1130,65.33519,79.5
1131,-46.844784,-56.4
1132,30.52231,88.9
1133,34.952465,38.2
1134,-44.174744,-41.6
1135,-36.15598,-42.5
1136,-69.64271,-78.7
1137,-2.9101145,-6.6
1138,-56.77673,-57.1
1139,-80.110016,80.5
1140,-34.71399,-32.0
1141,78.455696,78.4
1142,59.58112,66.4
1143,51.914318,47.5
1144,2.6248097,7.7
1145,59.622246,57.7
1146,-62.429947,-64.8
1147,42.01527,40.4
1148,-33.41544,-68.9
1149,-24.268377,-19.7
1150,71.277725,70.7
1151,65.328384,78.5
1152,-47.824448,-56.1
1153,10.906296,15.9
1154,20.774921,22.3
1155,10.776353,12.7
1156,3.6144128,6.5
1157,-56.936172,-65.0
1158,0.017370827,0.3
1159,70.64204,76.5
1160,-64.94521,-71.2
1161,-23.133799,-26.8
1162,64.61102,57.1
1163,10.654066,14.8
1164,-17.617512,-15.4
1165,81.29087,82.5
1166,-14.605954,-15.3
1167,-37.32365,-42.4
1168,-80.17974,-84.6
1169,72.985886,67.1
1170,57.782345,58.5
1171,52.626617,55.5
1172,42.29035,48.7
1173,15.387265,11.9
1174,2.579752,5.3
1175,51.354733,45.5
1176,-45.856224,-49.2
1177,-18.209467,-20.0
1178,-71.703804,-77.7
1179,-47.39121,-58.0
1180,-1.4422315,0.3
1181,56.980858,63.9
1182,65.686615,67.0
1183,18.30803,35.8
1184,-48.13527,-46.9
1185,11.841814,13.1
1186,50.281036,56.8
1187,15.707289,17.4
1188,-25.506805,-31.1
1189,-66.9306,-66.6
1190,-39.115223,-49.4
1191,21.11806,18.5
1192,-64.36157,-72.9
1193,9.101988,13.9
1194,-36.735447,-34.8
1195,12.439403,15.5
1196,64.56163,66.9
1197,69.24,72.1
1198,2.8070524,-4.0
1199,-61.359127,-67.0
1200,71.85419,77.5
1201,-82.583916,-84.7
1202,-57.10753,-62.6
1203,-34.450176,-32.9
1204,17.821629,21.6
1205,-27.567152,-21.7
1206,0.90297955,1.7
1207,-18.001024,-13.5
1208,70.30821,67.7
1209,-66.754585,-69.4
1210,18.545982,19.4
1211,77.01968,-89.6
1212,77.200584,89.8
1213,-18.727465,-23.0
1214,74.26037,76.2
1215,-55.320858,-58.0
1216,36.5276,39.9
1217,62.702923,68.3
1218,26.982994,33.0
1219,-28.544703,-30.2
1220,27.610065,21.9
1221,22.379519,23.5
1222,-29.660563,-28.6
1223,48.976364,50.8
1224,61.21201,62.2
1225,-80.053986,-87.4
1226,8.498675,10.0
1227,25.351627,23.6
1228,48.447388,55.3
1229,61.62327,59.9
1230,12.543062,19.6
1231,-7.674902,-6.5
1232,-28.140684,-31.5
1233,-69.40807,-73.1
1234,67.61731,75.0
1235,-13.800156,-9.2
1236,2.3311884,-0.9
1237,-27.99208,-28.4
1238,-52.963524,-51.1
1239,63.474712,55.9
1240,-51.87232,-51.8
1241,53.10171,54.0
1242,26.066486,26.2
1243,32.388252,35.0
1244,65.827446,-88.6
1245,-14.867254,-14.3
1246,50.851387,62.1
1247,-22.246696,-22.1
1248,51.43136,55.3
1249,-23.3268,-24.4
1250,-50.01185,-45.2
1251,-26.105974,-34.1
1252,-24.910212,-26.5
1253,19.412846,22.4
1254,2.745371,-18.9
1255,-1.2947582,-6.4
1256,57.013454,60.8
1257,6.406936,10.9
1258,51.626442,53.8
1259,-39.202446,-36.1
1260,57.16494,51.7
1261,29.109888,76.0
1262,-37.533714,-43.9
1263,63.689552,61.8
1264,47.325695,42.0
1265,-70.27783,-76.3
1266,19.210035,23.0
1267,11.499482,24.7
1268,7.4548297,6.7
1269,82.33314,79.0
1270,-26.447136,-28.9
1271,44.152752,43.4
1272,60.846157,71.3
1273,1.8979108,10.1
1274,6.0895457,9.9
1275,-28.39147,-26.0
1276,59.92607,65.8
1277,32.77608,35.9
1278,61.812405,66.2
1279,78.15393,75.4
1280,-71.074234,-80.4
1281,-36.38456,-38.9
1282,-56.602406,-61.9
1283,84.71005,90.9
1284,62.571163,67.6
1285,-61.328682,-60.7
1286,39.474438,39.0
1287,-77.19796,-88.1
1288,-61.435196,-69.2
1289,45.70176,58.3
1290,-35.683586,-34.0
1291,49.479805,52.8
1292,-35.92089,-35.2
1293,78.655495,83.1
1294,23.436605,22.3
1295,21.523333,24.2
1296,43.769974,42.4
1297,-56.57282,-65.1
1298,-32.552155,-35.5
1299,-55.51029,-53.9
1300,55.093803,70.2
1301,-24.337711,-23.2
1302,77.228745,79.8
1303,-62.351772,-69.7
1304,60.808563,62.9
1305,-14.564491,-19.4
1306,-11.164025,-12.2
1307,78.93373,76.2
1308,-44.07159,-45.3
1309,5.7709947,9.6
1310,-16.567303,-20.7
1311,-32.306927,-27.1
1312,-69.1455,-79.6
1313,-16.04597,-13.8
1314,-6.6877136,-11.5
1315,61.242172,61.3
1316,2.9840364,2.3
1317,-39.33535,-47.6
1318,78.48156,-87.1
1319,59.927414,61.1
1320,-8.947053,-13.0
1321,9.085387,2.2
1322,-83.27583,89.7
1323,-24.454998,-26.8
1324,-29.30699,-83.1
1325,54.259254,46.6
1326,-58.625706,-67.4
1327,-12.091082,-15.1
1328,-66.06564,-77.9
1329,-23.502714,-23.1
1330,51.90948,50.0
1331,-42.36191,-47.5
1332,36.70585,33.2
1333,-8.3181305,-9.2
1334,44.88778,40.0
1335,13.826062,18.2
1336,-22.476746,-26.1
1337,46.896774,44.9
1338,64.62675,-84.3
1339,-28.61227,-30.8
1340,-38.132557,-36.4
1341,-5.0134907,-13.0
1342,-23.084848,-29.8
1343,-10.488046,-8.6
1344,-6.5216537,-4.2
1345,53.89946,57.0
1346,26.641094,32.8
1347,-34.42784,-35.3
1348,45.522648,52.6
1349,1.7050135,70.3
1350,12.898727,22.3
1351,65.80366,68.0
1352,35.71862,35.2
1353,33.88745,39.3
1354,-75.1874,-77.4
1355,-50.897907,-59.9
1356,82.005775,85.9
1357,-9.492688,-9.2
1358,71.73528,88.7
1359,-12.296349,-0.1
1360,79.03068,81.2
1361,-54.59171,-56.2
1362,39.784786,40.3
1363,-0.27038828,-5.8
1364,-24.292744,-27.5
1365,13.184616,16.3
1366,-61.632423,-74.4
1367,-0.40801606,-2.0
1368,24.315306,26.8
1369,-41.945465,-46.9
1370,-42.595642,-51.1
1371,13.424572,16.4
1372,-77.932724,89.4
1373,33.77263,35.9
1374,28.02353,23.0
1375,-40.05917,-52.2
1376,11.554523,-21.0
1377,70.67238,68.7
1378,-31.462086,-33.3
1379,41.159626,43.4
1380,-11.108681,-9.5
1381,-46.991337,-47.1
1382,-42.984474,-53.2
1383,-18.749826,-33.9
1384,26.597626,32.2
1385,54.282486,50.2
1386,19.203882,26.7
1387,-53.407536,-49.5
1388,-50.79546,-51.6
1389,-4.2304254,1.7
1390,-6.2752,-10.2
1391,-67.554504,-72.3
1392,25.206991,-78.9
1393,58.720104,56.3
1394,-61.137978,-64.1
1395,61.893406,62.0
1396,-48.762688,-48.8
1397,-51.150356,-57.2
1398,81.2309,83.6
1399,-11.892696,-11.4
1400,2.0155032,5.8
1401,13.347408,10.9
1402,17.84939,15.5
1403,56.28319,54.1
1404,77.033966,74.6
1405,42.509552,43.7
1406,40.92187,43.7
1407,-17.294935,-18.6
1408,62.92119,66.2
1409,-70.83062,-74.2
1410,45.243748,40.0
1411,-27.491486,-21.5
1412,-38.16401,-39.2
1413,14.380102,18.9
1414,5.577819,10.2
1415,-12.751736,-12.8
1416,-64.82657,-74.1
1417,30.532219,33.1
1418,-66.714714,-68.8
1419,3.4683294,2.7
1420,20.934166,18.2
1421,26.019451,28.7
1422,-68.90196,-76.9
1423,-40.410755,-44.1
1424,-2.7303617,-11.5
1425,-35.472557,-32.0
1426,-51.730766,-52.4
1427,-6.2797813,-4.9
1428,78.20713,-86.7
1429,40.301235,38.0
1430,-29.921179,-31.0
1431,-3.1089494,-7.4
1432,30.730785,28.6
1433,-41.372112,-50.9
1434,-17.707376,-22.5
1435,78.83206,73.9
1436,-14.361577,-15.6
1437,73.858406,69.1
1438,-43.76068,-48.4
1439,-33.687126,-41.6
1440,-41.520496,-53.6
1441,67.36789,81.9
1442,-0.40328246,-6.7
1443,80.203575,87.2
1444,3.082877,6.6
1445,81.09175,-88.6
1446,9.391712,7.4
1447,-71.06092,-76.4
1448,32.56817,37.5
1449,41.292522,35.6
1450,36.187756,28.5
1451,35.355225,39.9
1452,22.359373,26.1
1453,73.11005,76.9
1454,-26.944563,-28.2
1455,-38.45137,-48.6
1456,21.91597,22.7
1457,5.9170847,5.3
1458,56.431137,55.4
1459,-47.94784,-48.0
1460,-63.369156,-57.3
1461,-59.66271,-63.5
1462,-27.504549,-30.4
1463,-9.198999,-12.5
1464,-76.751175,-84.1
1465,-46.01722,-41.4
1466,12.296825,15.8
1467,-62.09724,-76.2
1468,-51.387356,-43.3
1469,13.551789,25.0
1470,-72.42811,-83.2
1471,61.60459,63.1
1472,28.634178,-85.4
1473,-44.50843,-51.1
1474,-7.923835,-9.2
1475,3.5242374,9.4
1476,-51.328644,-59.6
1477,-36.721306,-42.1
1478,-64.13701,-71.1
1479,-7.65134,-7.4
1480,6.8275576,5.7
1481,-13.111789,-15.6
1482,-24.575869,-25.9
1483,-19.46236,-20.2
1484,67.14063,70.1
1485,83.52274,-87.8
1486,21.363815,20.9
1487,52.255474,51.3
1488,7.419961,5.9
1489,20.85414,25.2
1490,-34.9742,-40.4
1491,-52.868835,-58.5
1492,-5.5727615,-10.1
1493,18.575634,25.3
1494,4.9004745,12.3
1495,25.20694,29.0
1496,-24.040031,-23.0
1497,2.4024398,3.7
1498,70.84318,70.8
1499,82.73389,-85.7
1500,-42.669846,-42.0
1501,17.056215,16.8
1502,-25.769375,-28.3
1503,-7.93364,-7.4
1504,-43.498085,-49.1
1505,-40.0665,-47.6
1506,-33.00108,-39.4
1507,59.76281,63.3
1508,31.348042,35.2
1509,28.680447,28.8
1510,71.08418,75.5
1511,-26.12815,-30.0
1512,39.402473,48.1
1513,47.50814,40.1
1514,4.841623,8.0
1515,-20.938244,-25.0
1516,64.98834,64.0
1517,23.54578,27.9
1518,56.34385,53.3
1519,9.298359,6.2
1520,2.4086199,6.0
1521,36.73901,43.9
1522,-12.420179,-15.7
1523,-5.1574645,-8.4
1524,55.03676,60.4
1525,38.693024,31.5
1526,2.5669851,7.6
1527,20.44089,19.8
1528,82.66425,87.7
1529,73.2735,77.4
1530,21.130646,22.8
1531,33.895218,32.6
1532,-4.0715137,-4.9
1533,-55.718983,-62.3
1534,17.631083,20.4
1535,4.8763995,2.8
1536,-19.361057,-22.3
1537,12.128267,10.7
1538,-17.391315,-19.2
1539,-9.035185,-11.6
1540,6.954405,9.6
1541,41.382835,44.1
1542,-65.497185,-75.5
1543,-11.197246,-11.0
1544,-18.318748,-14.8
1545,-75.49449,-85.6
1546,47.04989,52.3
1547,53.52449,59.7
1548,-86.88469,-82.9
1549,10.1712675,16.7
1550,32.29734,87.0
1551,-70.1771,-72.0
1552,53.65343,53.6
1553,2.4609187,2.7
1554,69.76175,75.2
1555,-77.28181,82.4
1556,13.683231,17.7
1557,25.348267,38.7
1558,-2.8469052,-1.6
1559,67.93363,70.9
1560,56.559097,61.1
1561,49.142647,47.5
1562,-83.16361,-86.3
1563,-29.037245,-32.7
1564,65.88125,68.6
1565,-39.010464,-40.8
1566,-34.118217,-36.0
1567,-29.277288,-87.9
1568,-36.032913,-39.8
1569,1.8699962,2.4
1570,-81.20809,79.5
1571,-70.33308,-66.4
1572,18.743488,20.5
1573,30.774473,33.0
1574,-65.96207,-66.1
1575,67.4737,66.1
1576,-61.18951,-69.0
1577,-29.68777,-34.9
1578,31.32833,34.7
1579,-54.659527,-63.6
1580,82.256966,81.8
1581,-74.8717,-74.0
1582,47.571747,46.1
1583,-5.7688107,-9.8
1584,-10.659004,-12.3
1585,12.348646,13.0
1586,55.194386,50.8
1587,44.795353,51.3
1588,-81.81667,83.4
1589,66.487144,76.3
1590,-40.24836,-45.0
1591,31.105812,30.9
1592,-54.0749,-56.3
1593,45.632668,43.9
1594,-1.3475213,-0.7
1595,-44.646793,-51.4
1596,-25.293484,-26.7
1597,28.157845,30.3
1598,49.02365,47.0
1599,-3.8771813,-5.0
1600,-50.37891,-54.5
1601,19.86687,16.4
1602,39.294373,37.3
1603,35.55814,34.0
1604,69.54074,77.8
1605,-19.92222,-20.9
1606,24.985186,23.7
1607,28.679625,35.5
1608,-50.368423,-53.2
1609,-76.39138,-83.7
1610,-55.140915,-59.9
1611,-65.27837,-69.8
1612,44.406902,42.5
1613,67.12802,67.0
1614,-52.643555,-43.6
1615,4.731925,7.3
1616,80.27849,84.4
1617,-58.87433,89.3
1618,67.247635,76.1
1619,-84.62698,-85.2
1620,-65.66248,-77.7
1621,69.19837,69.8
1622,-54.544456,-48.5
1623,25.691898,24.0
1624,52.664513,85.3
1625,64.79647,69.3
1626,-10.9839325,-10.0
1627,68.62574,71.2
1628,-53.18021,-59.2
1629,-54.660885,-60.7
1630,55.53641,52.2
1631,39.028004,43.0
1632,-29.8644,-31.5
1633,58.09686,66.8
1634,71.546875,70.3
1635,-0.10576981,-1.5
1636,-62.954853,-58.6
1637,-66.294785,-76.9
1638,43.672707,44.2
1639,68.879776,80.3
1640,6.3496475,7.1
1641,-63.801548,-59.3
1642,4.5894747,4.7
1643,47.483196,45.3
1644,39.511276,47.9
1645,2.866924,5.0
1646,-54.48928,-84.2
1647,24.78317,26.7
1648,16.380177,19.8
1649,-72.2935,-82.2
1650,73.61018,76.2
1651,-51.632183,-62.0
1652,-73.04908,-79.7
1653,-47.751785,-54.9
1654,68.114876,71.9
1655,-46.002167,-50.3
1656,-4.4671893,-4.2
1657,-25.69009,-29.1
1658,-13.815368,-11.6
1659,20.38302,20.1
1660,82.52751,83.2
1661,14.422973,18.1
1662,70.99792,-83.8
1663,-73.1896,-82.1
1664,59.167282,60.5
1665,45.393936,48.6
1666,-58.31078,-67.5
1667,26.813967,30.8
1668,8.120328,11.7
1669,-8.8433075,-7.0
1670,-62.78111,-63.7
1671,-26.259525,-30.4
1672,-2.7454925,-10.0
1673,-48.83667,-56.5
1674,0.68817294,3.3
1675,-18.312641,-22.0
1676,4.8104467,7.9
1677,62.476643,57.9
1678,82.06826,87.7
1679,-36.136795,-36.6
1680,66.05075,56.3
1681,75.066086,78.9
1682,-65.046425,-60.7
1683,-65.882996,-63.2
1684,-21.518166,-21.8
1685,4.8630247,5.9
1686,-67.06269,-66.7
1687,10.666803,11.5
1688,9.162684,7.2
1689,-69.93522,-77.6
1690,22.783482,26.6
1691,-32.52364,-31.9
1692,-27.804148,-25.7
1693,-28.890547,-31.5
1694,22.507244,26.1
1695,-70.75919,-75.0
1696,-11.72324,-10.8
1697,-21.513233,-19.7
1698,54.959034,54.3
1699,68.77633,73.9
1700,28.815947,34.3
1701,33.110767,34.1
1702,-25.998234,-31.6
1703,-28.344088,-32.4
1704,-70.12149,-73.2
1705,11.9312,15.3
1706,-46.779778,-86.7
1707,5.0668435,4.0
1708,-46.806866,-48.7
1709,10.904544,15.8
1710,21.078518,24.3
1711,71.202934,73.7
1712,-72.87079,-68.7
1713,-58.56266,-55.9
1714,-71.36701,-73.1
1715,-28.103687,-29.4
1716,62.392418,70.2
1717,-76.65418,-89.3
1718,76.29051,78.4
1719,-68.277794,-72.8
1720,-79.32479,-84.7
1721,-26.313122,-30.5
1722,55.716507,55.8
1723,-44.080547,-48.0
1724,-19.711056,-20.3
1725,31.549591,35.4
1726,-5.672622,-8.5
1727,-65.19626,86.7
1728,-51.04855,-44.7
1729,42.801105,48.4
1730,-21.220491,-26.4
1731,10.803093,11.7
1732,-34.13461,-34.1
1733,45.62441,51.1
1734,71.92801,77.6
1735,-70.62086,-83.4
1736,-63.182285,-73.0
1737,-45.811653,-47.8
1738,78.3529,76.3
1739,-43.99234,-51.5
1740,57.609787,66.7
1741,-26.363888,-27.0
1742,-53.644596,-50.5
1743,-7.6727495,-14.2
1744,-45.04888,-51.9
1745,74.9545,76.9
1746,-43.72236,-46.8
1747,-42.2236,-45.7
1748,52.072292,51.9
1749,70.12542,81.3
1750,-59.674393,-61.4
1751,4.178933,5.2
1752,67.91883,65.7
1753,36.561775,41.8
1754,55.491688,58.6
1755,-46.515358,-49.6
1756,-4.222202,-0.4
1757,17.058975,21.3
1758,86.41711,88.8
1759,79.695915,89.9
1760,61.775784,78.8
1761,-75.20822,-87.0
1762,-47.05477,-47.1
1763,-23.206675,-28.2
1764,44.31369,40.5
1765,0.78233427,-0.1
1766,60.64319,56.7
1767,59.806507,62.6
1768,14.374222,19.1
1769,-17.581318,-19.6
1770,43.151196,56.0
1771,-60.72757,-61.3
1772,17.504757,18.7
1773,-69.75242,-83.2
1774,-16.535133,-19.1
1775,34.33273,27.9
1776,-69.90394,-75.1
1777,87.14919,88.1
1778,9.38643,9.0
1779,55.819714,-79.5
1780,-56.900055,-57.9
1781,30.977755,41.0
1782,-37.67526,-39.0
1783,-13.224537,-16.6
1784,14.725487,16.3
1785,21.60759,23.6
1786,-65.3025,-74.8
1787,75.20176,77.4
1788,-50.48869,-48.4
1789,-19.347923,-18.0
1790,-29.148483,-31.8
1791,29.757172,30.5
1792,29.85195,29.9
1793,-51.859688,-59.0
1794,27.21907,32.9
1795,45.950233,56.1
1796,12.7864895,10.0
1797,50.3995,46.9
1798,-78.412186,-82.2
1799,-29.775717,-37.4
1800,-32.62784,-34.7
1801,-37.604935,-45.1
