Pred_inc,Pred_PA,Real_inc,Real_PA
-50.195515,88.72198,-57.4,111.50654
9.541078,-128.40627,6.6,245.52612
-66.51729,20.610094,-65.8,24.002613
-4.900751,-90.71776,-6.0,247.1561
77.66397,120.371,72.3,127.146996
-72.242584,123.81401,-76.5,125.11673
70.12743,-85.26647,63.8,255.99611
-14.332321,-45.519466,-20.1,313.72794
-16.507492,-102.58208,-18.7,247.08458
-52.656868,20.175112,-65.8,22.725441
27.267195,110.80862,83.3,121.79583
-16.716059,143.58992,-20.5,157.0052
69.69429,-146.96664,64.4,188.08206
-46.125454,-133.43935,-42.4,227.81812
-33.30834,21.520628,-37.7,20.321165
-58.050026,91.701195,-54.8,103.45538
-32.072784,31.151869,-32.9,35.89297
-41.992283,-71.601974,-58.1,281.25208
15.660544,-125.595345,16.2,224.75317
-67.04967,7.091128,69.9,5.662112
-58.332508,-61.21014,-53.4,291.2727
-44.546223,167.55688,-43.7,184.87071
1.312636,146.2825,-2.2,156.54434
15.891938,-140.7209,11.2,214.6972
-55.691265,129.65617,-62.3,141.9319
-2.398003,177.66357,-18.6,185.78917
71.299484,-104.50216,72.7,241.41473
6.3302836,-90.93526,6.1,272.55835
-26.286491,90.74709,-26.6,105.921326
59.55261,22.03863,51.0,19.172771
-23.268368,-16.042234,-16.8,345.64023
-48.29827,85.04339,-72.3,89.53197
-83.29708,115.918175,-87.7,99.54455
0.86413276,-87.7254,10.3,271.22977
64.761444,61.06411,67.5,68.49562
18.576967,-24.601036,24.0,327.1867
91.597206,-189.04971,88.0,55.992386
49.866703,114.70263,52.6,106.74691
-63.05521,174.06873,-68.5,236.98152
-40.0091,153.90105,-38.4,189.5725
-75.20366,-150.0193,-76.8,215.97691
25.832468,-109.70954,26.1,241.29083
67.758804,62.996937,-89.4,41.912525
10.848039,-75.43251,14.2,282.43158
-0.8381848,-121.98856,-1.5,231.55614
84.16164,-137.99008,85.4,186.87862
-22.73191,-98.60858,-16.7,252.3417
-43.405235,-37.331146,-40.3,317.98798
93.505844,-130.37256,-85.3,191.4104
-3.189938,-91.67002,0.4,266.0344
81.13345,52.144756,-83.9,109.53337
62.843113,36.231335,57.8,28.004559
39.885178,-32.100533,32.5,322.52167
45.815083,130.02637,45.9,141.5649
47.645473,44.70203,42.4,40.11559
73.79267,-112.144936,67.7,256.6038
-34.83639,-172.40115,-40.6,183.58745
68.9648,-129.5623,70.9,231.60825
-53.77325,-13.279426,-48.6,346.3679
-36.77603,144.21608,80.7,148.15874
34.964516,106.733696,-86.4,105.58132
-0.7907499,96.120026,1.1,111.82049
-81.89382,44.315815,85.7,40.982594
20.885645,56.068424,49.7,45.56423
27.122988,127.466545,27.0,129.55046
41.308376,-88.90865,39.6,263.23975
16.322626,110.24621,13.5,121.47702
4.4614053,94.66374,5.4,102.130196
-28.874548,3.8378718,86.6,176.75272
65.65655,-118.45078,65.6,239.13821
33.051914,-88.65792,32.1,263.87454
-10.140715,137.06749,-9.4,143.08672
-25.290148,-125.637726,-35.2,227.09944
46.5289,-30.720894,48.2,320.98962
72.04821,-155.47197,76.4,209.20041
55.63641,48.17422,52.6,50.955353
24.536283,174.61957,24.5,189.23656
0.48354173,43.904133,1.7,46.867237
-27.574299,-130.91806,-25.7,219.87782
-15.272206,47.53931,-16.5,57.96444
60.183247,-85.78595,69.8,279.7658
45.11574,69.381096,40.7,75.790016
-67.116936,-92.46958,-61.0,279.53766
-64.159836,-149.98355,-72.2,209.2574
61.867123,-85.89907,66.1,276.24863
-35.985264,157.45518,-40.3,173.64233
53.740593,61.313572,41.9,71.21967
9.440318,142.43011,4.7,155.01811
-25.033415,117.114975,-25.9,129.67825
-46.921555,-55.009212,-61.0,308.8271
-55.602062,144.71594,-58.9,170.20653
79.08478,-85.83972,75.5,236.85791
59.283146,-58.899845,67.3,298.73505
47.878586,-19.415133,39.3,337.81372
-64.40963,131.91435,-70.2,107.8977
-58.105076,43.150146,-68.1,47.550266
-45.120136,1.7183286,-51.4,1.2445576
2.7469766,141.30612,7.6,144.8849
-21.699821,36.669456,-18.9,38.314335
-1.52497,-41.710434,3.0,318.97598
42.213924,70.85118,37.6,70.73489
-24.92715,155.23625,-29.7,169.45584
72.703316,-52.29116,69.7,292.382
41.72139,-29.872871,37.7,318.44144
11.277932,-163.73924,13.1,196.13551
69.46522,65.791275,72.3,40.086613
-5.6455617,-28.838394,-2.9,322.82822
23.57799,156.20076,25.9,173.94952
-13.291394,73.608604,-11.8,76.66228
-54.28674,-188.55424,-78.9,137.19511
-12.1729765,116.8545,-8.6,136.37001
35.63968,104.57575,41.0,105.86717
67.93686,81.4855,66.9,85.42739
-50.787167,162.02899,-68.7,171.73305
-80.54863,62.89571,85.2,33.12731
-1.971013,52.98853,3.0,66.22219
51.508923,73.458954,50.6,78.899025
-41.85805,37.123516,-36.8,42.040913
48.285873,-129.39717,54.2,219.75162
-66.19436,141.32094,-78.2,154.21304
-34.51839,-13.082847,-33.6,347.13385
39.734608,95.669426,34.6,109.51194
2.3542948,150.47542,-0.9,174.86307
-58.666218,-1.9406527,-57.7,2.0418575
-3.203676,86.01144,-5.4,83.09885
46.102676,92.49155,45.0,87.896904
-37.054794,70.34228,-36.2,86.119774
55.941975,81.606346,62.4,74.518105
-49.45987,-7.89247,-49.9,351.5228
59.593933,-82.74546,58.4,262.50134
-41.593266,-84.616325,-43.5,270.52527
-58.604942,-48.268322,-57.0,313.58185
-29.726685,-121.63987,-30.0,230.3044
-74.893425,-0.44143108,-79.3,8.131455
21.71271,-42.79991,22.8,310.98923
-57.467422,-33.251755,-66.7,325.45193
2.1448603,-27.059694,0.4,335.36697
47.74246,144.60316,51.3,152.13596
-55.713696,94.9453,-58.3,106.85715
-70.02634,-113.59684,-70.7,234.61752
70.70072,78.762955,67.8,56.592228
37.16472,173.45038,42.8,178.80466
22.286032,62.097973,29.2,66.73867
36.705376,-89.5946,33.2,264.63617
51.341393,137.36612,-80.7,257.89362
-26.267086,88.087975,-31.0,110.448006
-60.422447,4.570521,-61.0,7.34353
-79.39453,-165.87808,-77.9,158.99834
-43.448902,117.16924,-85.8,155.68207
-44.642857,0.24063753,-89.0,267.716
74.53133,-62.663834,61.3,293.73325
-78.605995,-86.19374,-81.6,270.44675
23.118973,-148.46579,21.6,203.53806
-64.35385,-73.431625,-68.9,292.12115
51.37284,-35.95129,86.5,119.85625
19.333096,-126.563065,12.3,228.7623
-0.7357026,-9.006593,-8.07e-13,344.8259
77.67193,-94.47697,85.9,28.465256
-48.03306,96.56485,-57.1,119.463875
13.641556,1.283194,12.8,357.7099
-37.635784,-52.919266,-41.7,309.61572
49.229153,-53.28382,55.0,305.90643
-14.109095,76.2619,-16.0,78.91304
67.72335,-145.4246,67.0,211.91971
69.91015,-5.91234,71.8,352.4528
-42.281643,-152.62515,-39.0,214.4442
34.466778,-85.139114,39.8,269.01254
-76.26735,123.446754,-89.1,260.11948
-3.4895887,-63.472027,-1.1,285.1818
70.59933,-72.398926,66.8,277.55167
72.09126,142.59074,69.7,149.41437
-27.687672,47.986855,-19.9,57.188988
17.217075,81.10287,29.6,93.81138
-35.41061,-138.76549,-35.7,222.80872
-47.25905,147.90707,-50.3,170.29364
-43.84535,32.792633,-44.0,38.419956
-12.728245,172.32272,-18.2,182.41304
0.05579628,-97.27305,5.4,262.43146
-63.17935,-6.600119,-66.2,0.3776461
-36.8736,94.28882,-31.4,112.037125
78.82339,44.266087,84.4,67.5365
-12.14387,56.55828,-11.0,65.06912
-49.946434,46.86798,-49.2,59.99911
5.1307235,124.49054,-0.6,121.1734
-48.98022,-34.54249,-45.1,332.24918
-53.655903,-15.457169,-50.6,343.89758
-53.063183,-2.0237195,-62.2,352.93402
-22.469204,-51.122578,-25.1,307.61188
-31.947762,84.15456,-30.9,96.74366
80.718796,-73.63703,88.2,87.816315
0.4008214,154.60364,-3.0,163.6051
17.10706,103.93415,16.6,115.36238
-45.442234,-100.119995,-41.9,251.07214
84.20366,40.62331,78.5,70.43807
-50.43925,-37.975677,-41.0,324.91034
-67.20053,59.15906,-68.6,84.56036
69.90583,44.408325,75.6,52.85437
-5.5574303,-45.5119,-22.9,307.01663
-6.1286,141.76613,-13.7,145.46843
70.76786,-31.967533,70.1,317.4514
61.392082,-96.54123,-71.4,277.1323
23.536074,-138.86177,28.2,205.15508
37.387672,-105.1146,31.8,244.0295
85.39682,-70.68662,82.5,293.68723
73.19461,-165.05968,70.3,196.63104
-5.629788,-10.003317,-5.9,353.28262
16.82856,61.74113,18.3,69.91266
-18.359468,83.45817,-15.3,89.53929
-12.205328,113.58365,-17.1,123.46549
-61.049274,-22.04865,-62.6,336.13046
39.37566,12.227599,-63.3,21.846188
-46.949863,25.948065,-50.1,25.888634
-3.9180756,140.47356,-6.0,148.74867
-24.726353,-145.05122,-36.3,204.97766
-75.830864,69.82722,-66.1,90.17743
50.970707,4.733321,58.4,4.4986095
-4.208451,-82.388214,-1.1,278.5962
2.8685257,83.543106,-0.3,91.21228
79.80077,-80.91813,84.8,287.62613
58.876835,-166.76323,58.6,188.50945
61.52941,24.119722,61.2,19.625046
-67.30125,78.37486,-68.0,107.81855
-62.329052,-117.55487,-65.3,234.90727
65.22331,65.88723,65.9,54.43102
-57.943954,-30.665043,-65.2,331.12286
-66.03351,130.32135,-64.6,123.35607
-56.65081,-188.03801,-64.7,159.32756
-8.622099,-142.73212,-19.5,198.17511
67.09862,163.3101,62.2,162.97527
-74.6778,71.64148,-88.3,43.01535
-14.753838,-136.3836,-18.3,213.80717
37.13712,22.940243,45.0,18.073174
84.58985,-164.10797,88.7,304.1327
32.6534,85.76367,35.2,90.84835
61.649185,37.31311,59.5,32.455307
47.675095,3.9159575,44.6,6.4357066
53.232174,-57.31022,-72.1,309.62653
-4.9089475,-43.937458,-5.5,312.15994
-67.573326,-56.39139,-83.0,309.40735
-43.473766,-162.65163,-47.6,209.39519
39.690784,-8.057871,27.6,350.01337
-66.2568,-174.31451,-58.5,180.64996
64.71868,18.891388,75.3,19.332638
83.24992,-159.68796,71.4,197.05673
19.242723,45.903305,23.2,50.996586
-73.82595,4.456618,79.5,349.01392
-0.9515529,156.35423,-3.1,162.3371
-0.16266686,5.682882,-3.6,3.858585
39.9035,154.42845,35.8,154.37517
-71.589645,144.7966,-73.3,150.5803
-31.097067,-40.957268,-26.4,321.6383
-11.859661,-83.622086,-10.9,265.7075
-29.781155,-58.944107,-36.7,298.6814
-9.147775,2.4632633,-14.1,8.702152
21.586216,155.36461,26.0,162.0204
6.8057747,-56.839355,2.1,298.76395
29.06169,160.81409,31.5,167.96112
26.174463,105.67992,23.4,118.17709
-38.899338,-141.95058,-37.7,207.1684
-56.736263,-123.4601,-66.2,216.54126
88.3412,8.0690775,84.7,318.58194
71.42832,-163.44954,69.1,189.02666
45.847404,22.845764,50.9,18.353283
53.99454,-2.221564,49.6,357.52963
9.722905,-97.68125,5.6,254.52997
-55.745975,62.34726,-53.9,73.53162
-15.462107,-154.74866,-11.3,191.0792
63.77516,29.312336,65.3,27.935778
-33.767834,84.91708,-34.4,97.2014
27.110699,163.88774,21.4,182.64236
83.81705,-167.6668,71.8,181.1809
-20.460602,94.66804,-25.7,101.24267
31.485226,-103.930664,25.8,243.0869
52.77608,-13.723011,60.7,343.58276
-13.10278,34.77258,-13.0,39.341496
54.668655,-58.26362,50.5,293.89832
-53.557354,-26.02612,-59.1,340.06122
49.984173,-25.228237,41.3,332.3704
64.63207,69.730354,63.0,55.956577
56.60026,65.47951,61.6,70.35945
-60.74923,-122.00701,-58.2,227.96567
86.98798,-184.02783,83.2,165.06444
-40.33495,104.54639,-45.8,122.87567
57.130383,9.465135,52.0,8.379518
64.6653,43.952896,65.4,45.129147
-75.91206,-186.02943,-80.5,170.03941
-0.49583286,41.093987,-5.1,39.007717
74.77647,-45.03025,86.5,272.54553
-48.3729,-8.326233,-52.9,353.82953
-72.73184,90.09823,-75.7,128.31932
-12.69061,51.717,-12.3,60.50756
3.8180523,-48.537678,-8.8,312.9219
71.40911,3.8207145,70.9,2.3934052
-53.908276,-33.256443,-86.2,8.272707
-78.81293,-188.847,-83.5,150.2186
-65.26271,-78.9552,-75.4,259.4374
-13.747764,-65.56826,-19.2,293.17026
73.968834,-98.40273,74.1,262.2815
76.86514,-4.489735,78.2,355.54843
70.218765,116.42731,66.5,117.589905
20.380083,152.85713,22.5,161.09315
4.158483,157.4485,7.0,172.25362
6.5126734,79.26201,3.0,94.381165
71.76094,95.63742,78.8,74.74591
-2.1086001,-75.53876,0.4,277.61325
45.660877,-72.98119,50.5,285.59805
-16.28379,-35.50568,-15.0,320.76413
-46.88442,107.868385,-48.2,126.8002
-8.021662,-38.93655,-12.6,319.77173
-75.91416,-158.75934,-81.8,205.19606
39.466328,-99.40503,29.1,247.60504
-75.469315,-69.74082,-75.1,304.1138
75.429306,-125.396034,80.5,194.08736
-73.28904,125.07465,82.2,117.544426
13.668004,-125.09618,15.6,229.45052
-35.150284,156.30035,-35.7,172.3933
-61.765945,-0.5737183,-70.1,357.0695
-78.20015,27.77557,-89.0,339.10858
-65.028915,-4.87869,-57.3,357.01755
13.272456,-82.802666,8.4,274.97836
-37.758842,37.155663,-29.4,46.833576
21.7447,-107.66552,18.9,244.19986
-51.924694,63.315292,-52.9,81.19768
59.494892,9.760971,62.7,12.429569
-44.235718,157.37839,-45.9,174.58429
-10.296946,-130.07306,-7.1,218.05937
9.379144,-147.51949,-12.8,203.69115
-45.464222,-89.83724,-42.4,257.48804
-76.2608,99.71028,83.0,171.51909
-13.708522,128.24545,-14.8,131.67763
17.6742,-106.24413,7.2,254.82184
39.969013,-80.0145,37.8,273.17834
-39.128925,148.99406,-44.2,172.02365
63.535217,-26.475512,59.3,325.9794
53.16719,43.062885,54.5,37.09488
-4.8221292,-136.99612,-8.9,205.69519
61.079094,94.92788,87.8,111.606575
65.511665,-81.911674,58.4,269.46558
-77.91292,-182.72452,-83.8,129.701
10.343308,-101.77072,12.7,251.81705
-68.56555,17.125154,-68.3,82.1305
78.643845,133.45505,74.5,141.96523
27.122717,-93.61531,27.7,258.3909
-14.678458,-46.221992,-24.5,312.4058
5.8759737,-139.41751,-13.4,211.05673
-63.578182,12.810448,-67.1,16.905615
10.709885,19.634485,12.9,27.807095
-9.849292,22.035706,-8.0,21.331114
49.096478,-135.69353,43.8,212.63152
-70.36836,-206.76573,-72.6,124.70347
71.50767,-116.17018,-72.7,247.75253
69.2327,121.28982,68.4,126.67482
-0.6773034,-42.10273,6.9,316.49323
31.866188,-126.48743,28.0,211.47168
-18.133312,83.90971,-23.9,86.48469
-73.832596,112.93362,-70.7,94.05555
19.498295,-142.1978,17.1,207.24983
-67.81772,-132.25954,-66.6,202.76929
75.618225,116.08291,85.1,114.62435
-52.748314,73.17399,-52.5,82.40189
53.283554,95.164795,49.3,99.70053
-42.595745,34.746082,-39.9,37.881428
-55.701702,-107.65196,-54.9,244.20598
-70.6041,17.640547,-81.1,25.469778
17.768505,27.84998,21.4,27.121048
1.035401,-52.507698,83.7,251.9413
13.5273075,37.474346,11.8,37.577686
51.3211,87.19176,54.1,90.85855
80.295525,-137.16818,73.6,208.32356
-26.5646,19.75747,-32.8,21.773836
-74.92932,95.069466,78.2,108.96429
82.68915,-122.1967,-87.0,243.91911
79.520546,44.98693,78.3,57.42897
28.59557,51.104237,28.5,56.633312
9.276496,-113.852905,12.4,241.57596
23.51001,-134.80798,22.9,208.45645
-73.03472,-184.11395,-87.4,140.52081
45.20157,-39.212997,38.0,308.7036
69.732086,-116.29152,67.9,250.71158
42.56152,-112.56776,48.8,224.73372
51.612877,5.559023,30.9,13.253923
8.566505,-16.694073,9.9,341.07486
58.929596,155.96957,43.0,157.92303
-43.286953,127.526764,-45.0,138.74149
-49.54663,41.74627,-51.2,60.664383
43.70289,-152.15128,48.8,205.60197
-62.996418,25.435474,-63.9,27.49797
-18.299139,131.31528,-19.7,144.1632
-47.41042,129.83737,-54.2,144.86339
29.311396,-27.642668,31.4,320.44882
69.171616,-107.93936,73.0,234.01936
3.751065,40.155514,-10.8,38.83717
-68.663414,55.173214,-71.3,90.69752
64.06302,49.261974,64.5,54.37445
-50.76386,-1.9739791,-82.6,348.99423
55.058895,28.903492,61.5,20.337595
67.91399,77.18946,60.0,77.0248
51.39935,14.68287,57.7,12.593301
76.78197,19.597046,88.4,27.394794
-50.128407,62.44438,-58.7,83.128494
59.12153,-130.3866,62.0,220.8922
23.517479,115.163216,0.4,131.61295
-55.649876,28.815617,-47.7,37.592754
80.41629,-57.998146,89.6,334.8142
-19.829464,117.281105,-26.3,126.570625
-60.083935,-164.64345,-63.4,181.46066
65.734024,-166.71701,66.8,176.11339
69.89329,-83.19876,89.5,344.271
78.55202,-103.20948,84.0,208.7542
-56.94339,125.0987,-65.3,152.13078
-12.379193,-65.98206,-3.2,286.91138
-30.664026,-50.320465,-37.2,309.29575
21.868147,103.56379,17.3,107.473145
-28.971321,-1.5223618,-28.1,0.51533693
-17.968054,5.402434,-23.5,11.990911
-20.981712,-114.05237,-16.3,239.69884
5.96514,44.515675,0.4,38.16458
74.75044,31.44651,76.8,46.240253
-81.00554,40.83441,-89.6,284.7839
27.737667,61.60198,30.7,61.45259
59.93037,104.235054,55.3,108.23393
-14.439419,26.045574,-18.4,33.13122
-71.56602,82.49898,-64.0,90.44754
-43.30163,-124.94757,-38.3,225.90562
79.87925,-105.25887,80.5,231.6958
12.748492,61.205994,18.1,61.6412
-56.63805,58.455265,-66.2,80.15449
46.815254,-111.403465,41.1,239.36818
38.175888,-48.846363,46.8,303.5736
-76.90247,172.87947,85.5,225.90256
-18.500858,99.6394,-19.2,107.32387
72.70991,45.97773,71.6,51.811993
22.063831,22.142048,22.7,24.935955
74.49235,-18.301273,77.2,335.2284
28.118101,93.713615,33.7,101.92696
-44.882843,-75.08959,-52.4,282.6435
-53.520607,-168.66226,-67.8,182.85443
-44.262787,181.45058,-40.1,185.8095
2.1701765,3.765593,-1.7,8.534415
-13.880541,39.418198,-15.8,42.5708
-3.9123635,-132.11743,-7.9,225.32062
-63.27687,-27.22166,-59.4,331.48993
-61.967,10.593596,-65.0,15.724466
65.99393,-121.953125,65.4,218.82356
-56.619385,30.613491,-58.8,36.78222
27.896698,66.66249,30.1,73.67496
-63.75378,66.250046,-65.7,72.50051
29.21912,-72.53802,28.4,279.56628
-70.99617,-60.26678,-75.0,276.5428
75.50703,-101.24656,75.9,230.10368
21.891872,-37.972717,-31.4,321.73544
-57.369934,-93.07549,-50.9,265.72476
3.5176783,106.337715,0.5,111.191475
-65.011925,0.9037273,-68.9,13.221668
-10.3778515,151.0735,-8.0,154.74112
89.58374,61.85017,-85.7,106.65958
-29.255959,-17.771545,-34.0,347.2764
-35.541813,2.9287283,-40.7,6.8331623
-45.523853,-121.339264,-44.6,226.3243
80.59716,-125.31493,68.7,204.4153
52.6027,120.003334,49.4,142.81834
83.60348,-189.33829,-85.9,214.8663
53.652214,140.10359,51.6,156.13834
-68.51281,-51.688442,-62.0,307.24103
-49.321075,-48.33395,-55.3,313.7758
52.21554,60.473347,43.3,74.762726
61.077354,37.477455,58.5,41.960785
-74.113014,21.593187,-88.5,239.3904
-69.79598,126.41048,-67.9,117.93895
46.509945,-86.7025,43.2,269.7045
-62.635975,-74.02906,-73.5,282.4215
52.04768,-65.94625,37.1,283.17947
38.65282,17.113523,34.7,17.978521
-37.17895,-98.82527,-35.8,258.1753
25.281765,-20.040987,29.3,337.35416
30.917023,34.145103,27.3,36.039104
87.88881,-46.718784,88.1,319.3916
80.55824,19.387234,85.7,41.14137
-78.442795,11.069274,-86.4,92.21207
40.135303,-108.652824,35.4,239.12294
38.696686,106.53365,37.6,110.54654
-41.415543,162.73099,-40.2,178.2307
-39.576965,-101.288025,-36.9,254.29155
51.767166,75.566666,52.5,70.75458
0.5963016,159.6913,-1.6,197.46037
2.5216107,-74.11403,1.3,276.96527
55.805687,-131.40733,61.0,211.44754
66.81101,137.62875,79.5,153.36835
53.953453,165.48491,53.4,188.34303
-30.916073,-113.04505,-33.8,238.56078
78.31879,-29.629208,76.6,328.86118
86.59701,6.4207234,84.0,345.98724
43.494812,-145.63206,40.7,208.3378
16.517622,-91.36795,7.9,267.54654
-68.326546,-185.15268,-87.4,226.2338
-6.6399026,1.1517909,-3.9,0.81963366
-60.309692,113.906425,-68.3,104.369255
35.542377,74.84847,27.4,85.692825
57.89525,13.477931,53.5,13.584181
-15.226308,86.07638,-20.2,92.008835
45.028778,72.91534,43.6,80.77501
-76.55806,-123.16216,-83.0,183.80772
74.55067,-19.822533,74.0,344.90106
10.42466,-46.79891,24.6,297.05978
0.15592273,-94.64844,1.0,258.46597
43.835644,132.98715,36.6,138.13362
-37.34145,156.07901,66.9,158.37325
16.41692,96.577576,15.1,107.404724
-58.89739,144.79462,-75.4,168.76624
35.492474,-91.52897,36.0,265.75177
83.209595,-132.10825,80.1,247.6937
-10.138437,4.8390136,-16.8,9.4080515
3.326246,-158.70067,-0.5,195.49213
48.023666,-13.468208,48.8,342.66187
-18.374212,146.95845,-16.7,151.68175
68.12408,147.82857,70.1,154.04198
59.653572,114.8731,58.7,125.81292
-43.594574,11.2508,-49.0,10.527726
74.34456,2.0681236,75.8,0.79526377
83.999344,-188.53802,70.0,169.01572
26.256966,-105.39277,22.4,246.31013
-31.635866,7.769503,-34.2,13.045535
9.922441,140.21172,11.2,149.39555
44.935436,131.15573,38.2,142.07195
82.463646,-50.399464,86.2,326.20013
40.757328,-120.97699,40.6,217.5893
50.692715,44.012165,44.6,42.446194
-24.124834,-125.322685,-22.9,229.28482
-6.0297523,-89.78482,-3.0,264.3978
66.09065,-116.21062,64.0,230.62306
-22.012056,23.220942,-19.5,30.488577
68.7413,145.55902,53.8,148.19572
-7.251194,33.389114,-7.4,33.688152
66.66981,-41.83606,58.1,318.3952
89.33971,-56.71247,91.4,42.371536
74.36545,116.84465,69.4,124.12359
15.624286,-96.64039,15.7,269.29495
-7.5914493,8.838578,-12.0,13.912214
75.061646,2.6366715,87.4,38.425278
25.92438,85.1037,22.6,94.60774
59.68174,-46.237854,88.0,41.354004
-0.84040207,-151.17569,-1.3,204.27766
13.725036,113.3924,23.9,127.08491
64.72275,147.56163,58.8,135.50053
42.92662,43.661278,43.2,39.45989
57.53531,141.38857,58.6,151.87859
80.70276,-178.78236,-86.4,231.86339
-62.1041,-50.11023,-65.2,314.15613
-62.68553,2.2961612,-70.0,68.005936
-19.226166,123.132645,-16.8,129.25076
29.352802,-72.50805,-69.9,270.7303
-12.630576,-99.91456,-8.2,250.48447
-2.8501656,-59.095963,1.5,295.68634
76.249916,34.371723,72.7,40.929108
42.924633,-167.1328,46.4,200.99481
28.472675,-137.32678,30.3,205.90067
-75.014244,89.758385,-76.0,131.87881
-7.56526,-144.64261,-20.1,198.86949
80.87162,-152.5829,75.6,185.7456
-26.760298,149.79407,-32.1,158.91087
20.902866,-29.790476,18.3,319.75137
24.172659,86.5782,31.3,102.687584
-56.83687,43.039696,-59.9,50.52402
-52.483654,4.280655,-50.3,8.907338
-44.974705,155.64966,-35.6,172.22972
-20.448484,142.46211,-22.6,151.68413
55.398624,37.833668,53.7,37.536774
66.124016,-175.54298,69.5,191.52493
53.720364,-95.89418,45.4,252.64317
68.615814,152.2305,64.4,173.30981
-8.403543,-74.42642,-9.5,279.66864
-62.245518,-134.13898,-63.7,246.82764
-59.943584,-117.01186,-63.1,232.16042
-54.205994,23.272991,-59.1,26.194868
-13.424123,83.6459,-17.1,92.29097
18.240545,-124.621956,13.8,230.61137
10.704585,127.45286,10.2,123.46751
34.240257,69.21717,33.6,74.60182
16.452917,-9.673739,20.1,354.28156
43.59721,32.641563,38.5,37.32043
-63.478123,29.089804,-60.1,39.49154
-33.54487,-2.1952353,-42.8,1.144619
16.546436,88.202675,22.1,106.48871
81.44113,-183.11487,73.8,182.45732
-41.08379,79.05022,-53.0,89.598656
64.525795,114.061295,63.2,113.49288
28.24174,88.875145,30.1,91.399635
-42.904648,108.48751,-51.8,126.494606
38.817318,104.83432,35.3,115.598526
48.39304,-129.49889,40.4,211.5467
45.279232,-117.81732,44.0,231.27785
52.263073,-13.765424,48.0,345.8139
12.307208,169.38242,11.4,186.83823
-9.824045,17.7432,-13.3,22.983809
-62.490242,26.337399,-62.4,31.510456
-3.1107054,-79.30881,-7.1,260.8415
-8.788054,48.83202,-1.0,52.067562
-9.550295,-14.555274,-11.9,344.7099
62.038895,-27.294392,62.4,336.58453
-67.36093,43.75747,-65.6,48.873596
-22.760347,-89.12459,-21.3,263.88644
-73.44819,-130.35269,-80.2,226.54974
-60.82398,-166.06912,-70.1,187.91275
84.621994,-137.40982,72.5,180.12956
-49.41941,88.0094,-48.3,120.0881
-75.387825,-189.2886,-79.8,141.4386
-26.799213,36.183872,-24.8,34.381294
-1.7977481,110.49592,-4.3,114.9944
29.277063,83.008804,27.9,87.94014
20.435158,80.978195,19.2,82.12165
66.00253,97.6265,65.8,85.00633
-40.53029,117.26648,-40.9,130.47325
61.435863,48.55514,58.2,54.278847
-59.404564,-18.187975,-70.2,346.04706
37.26483,56.93891,29.5,57.359596
11.780269,-82.97735,5.4,265.4619
61.210564,128.20015,45.8,125.5516
-32.070396,-84.38005,-34.0,279.52405
-54.078857,-68.49087,-49.9,279.92523
47.504284,-100.58561,41.8,247.50797
-51.152515,137.46475,-56.8,145.23106
-15.74416,-155.74907,-27.7,191.89436
-41.17869,126.889915,-42.5,134.58102
-61.478367,36.6238,-71.2,59.165627
14.139564,64.38981,17.7,69.696884
78.86313,83.02162,-84.8,249.38817
34.80805,166.0076,35.6,170.86469
32.47028,-16.400572,28.9,337.28043
-16.956968,-50.934216,-28.7,307.155
67.3128,-13.184766,55.0,351.4626
-40.945023,85.34724,-40.7,117.74698
73.15589,24.91481,81.1,24.529047
-10.944728,-137.61464,-14.9,214.04443
84.28854,-60.405514,-84.9,221.28395
53.063015,86.43863,85.8,73.893036
22.580217,38.031944,13.4,37.720135
28.218296,-122.227104,32.6,230.5329
42.45766,124.73064,39.8,131.41873
-3.5034292,-33.25923,-7.9,324.41113
-26.475315,61.677425,-31.8,79.074104
39.75546,-131.8832,34.2,217.34944
-45.93726,76.892136,-52.8,93.327774
-27.976418,142.57774,-31.9,150.37253
-58.601036,43.160057,-59.3,56.75505
61.357246,34.72416,59.8,39.51627
-26.118017,-113.19639,-30.7,239.08376
-26.496096,146.76202,-30.5,158.15703
86.15964,-136.9153,83.6,278.16052
-49.53835,33.12238,-53.8,40.12599
-34.649456,162.05455,-35.5,175.17851
-1.247039,95.118706,-4.5,105.43903
-41.50999,32.106304,-42.9,34.028023
-63.110214,-150.60481,-66.4,191.04184
80.0354,-191.42508,84.2,150.08363
-59.143887,69.89581,-53.8,104.80645
-35.189846,-130.31714,-38.1,215.69751
-9.126533,136.81696,-14.9,138.55891
-41.586662,-178.69138,-48.7,168.84848
-76.927086,92.304405,88.2,91.63164
-62.666714,-41.567425,-61.7,308.48154
-33.6006,-162.72958,-24.6,194.53056
-55.52267,-46.87207,88.5,240.72426
-2.0503616,-104.25383,-6.2,243.94525
-52.970768,-159.39186,-59.1,177.6095
55.532024,-66.38768,64.7,277.79785
79.72338,-181.10382,-88.3,229.9085
34.015503,130.20595,25.7,142.02126
17.206364,11.452809,18.4,14.056659
4.2247806,51.56894,5.3,57.0047
67.1414,131.9278,70.5,148.76271
70.151276,-117.63391,69.2,239.30508
76.05905,144.08287,74.7,136.07193
55.685993,174.09209,57.5,179.39604
58.96878,-75.64294,59.1,265.4446
-22.60371,47.41937,-16.3,57.94003
-38.672966,102.704506,-88.7,82.74317
-36.147522,180.06606,-35.1,187.15295
59.8156,159.34105,51.2,166.13638
32.288387,70.940735,36.2,76.5623
-44.47098,-97.87864,-46.8,260.33258
-42.894432,-109.77936,-41.1,244.55087
-73.71661,94.97846,-87.2,46.362755
-60.861523,-49.531124,-66.0,308.8373
85.05983,-140.13895,83.2,181.05612
-14.731181,-112.11113,-21.2,238.05487
2.9500992,76.66637,6.8,85.53404
6.665371,126.87763,9.7,134.43272
64.022865,-73.51577,53.2,277.3662
-22.676682,81.3952,-23.2,87.38638
44.124176,-28.611567,37.5,328.24835
31.074556,-79.81345,25.6,270.5523
88.38905,133.70749,86.4,88.97776
27.874805,164.85724,29.1,174.72769
20.710691,162.90837,21.8,180.35469
-37.41316,115.36384,-42.8,128.02704
2.860528,170.25359,4.4,197.00804
-33.004395,-80.30598,-37.6,274.43594
10.977933,-141.35924,11.4,215.26863
-57.488937,37.529125,-62.0,44.13117
-59.911785,-15.664804,-67.7,344.71185
23.15183,99.548355,23.0,111.23251
79.024956,-134.69757,87.6,136.15143
-7.2935576,-58.281467,-7.8,296.0452
87.198074,-13.738187,-84.5,357.57144
-28.440456,-143.06032,-29.6,207.7831
46.615433,-28.471802,41.5,325.46597
-66.81755,-82.18752,-76.1,265.37723
67.24958,110.36693,64.7,126.93882
-19.448002,-148.83572,-22.4,202.67046
18.84935,-69.60364,15.4,293.94806
-76.78127,-94.8372,-87.6,184.30547
-63.482933,136.59082,-71.7,137.02197
-73.48231,-197.85654,-87.0,124.68273
54.418877,-161.23286,48.4,193.64058
-1.2837777,-20.441448,-5.1,335.57886
-26.580574,54.21209,-21.8,68.00844
13.788682,44.877148,10.6,51.725353
-58.824837,-3.3244123,-88.6,316.34464
-56.90563,-0.8991469,-54.5,2.1301708
24.96019,-0.4394491,32.6,354.52777
-29.008223,-57.385456,-34.8,298.75485
69.75257,-38.873264,82.6,289.78186
85.45936,71.883995,76.7,80.74889
-5.371261,37.033222,-10.7,34.903927
-38.097824,102.75488,-41.2,120.13302
73.08204,159.25499,77.2,169.48279
-16.463945,-76.5827,-21.0,284.24146
-42.174995,96.01876,-39.1,112.457985
62.41194,-101.22055,60.8,236.13469
66.13189,-85.25543,68.7,270.03226
86.58283,149.0888,75.0,121.161606
-63.6292,-27.626461,-80.0,341.16992
-72.67452,116.02056,-75.7,145.69128
-68.96865,-69.51511,-72.1,285.507
-55.724083,-13.538402,-62.8,344.65036
-43.121387,-178.22269,-43.1,181.61676
33.455357,23.481634,32.4,23.83752
43.868275,-29.33553,45.2,333.11707
53.899837,78.42419,57.6,81.27268
-65.612816,56.0251,-79.9,60.118984
-27.319141,-13.251082,-35.1,347.96146
53.797558,-47.66713,-84.9,235.89276
-9.033045,-120.481255,-3.5,232.37463
-39.1637,-19.143747,-53.5,340.4892
83.26111,-97.078476,86.6,255.37132
-38.934067,-184.66159,-45.6,179.55933
60.62595,-9.017177,53.2,350.96124
-46.90704,56.010105,-44.2,65.24583
-62.187656,-78.56521,-64.3,297.7805
-5.97855,-48.690327,-4.9,306.30588
28.52897,-45.359467,30.7,305.8236
-77.08196,-108.51514,-83.7,248.09477
-57.7951,-44.28982,75.2,194.54695
24.143135,-12.156987,22.4,350.53763
13.615731,-54.681633,12.0,303.1745
69.51666,14.621149,64.9,12.182583
-51.015038,71.01385,-55.6,71.38653
77.271065,-74.908615,-89.2,355.3783
20.790462,-40.928234,19.6,309.13345
41.986965,-120.4435,40.1,225.73755
-74.309235,153.18013,-73.3,182.67575
-6.376952,-105.288826,-9.9,243.58707
-59.239876,-110.18174,-64.1,244.3884
33.031338,124.01062,35.9,130.7676
-8.134816,-158.4173,-20.1,201.36948
-56.173782,1.1132886,-68.6,0.3696223
26.788391,61.283306,25.5,62.570488
50.706875,121.08975,48.1,133.16855
26.048872,-150.84505,24.0,207.05899
-46.04455,53.993793,-42.6,62.084137
-57.156704,-87.97435,-71.8,268.51324
8.601286,-16.150707,-57.3,348.77557
60.058693,-128.1198,58.6,214.04317
43.769825,128.22935,36.2,128.73193
-37.892567,-102.071365,-36.5,252.07248
-0.3109331,-133.58305,-4.5,215.3329
15.783748,-96.552,11.7,272.10925
-1.8172294,-47.810577,-2.0,306.6323
62.741405,-100.628624,63.8,230.60913
69.59862,64.00609,63.0,44.92392
-14.75699,-93.632126,-18.6,258.37622
-58.807095,84.09238,-63.1,96.172005
43.390934,51.81296,50.6,49.99786
-4.2035985,-10.223435,-5.0,352.0549
74.45925,84.94187,74.7,62.926655
6.2858267,-100.26951,85.6,242.01918
15.338738,-6.1292276,17.2,354.41812
25.050077,-106.91034,24.4,246.45956
-76.80838,-118.919044,-76.7,203.1356
-52.77876,-193.59491,-51.0,170.60464
-49.46989,31.376717,-43.3,37.96604
49.453167,-63.979298,41.7,289.1838
-62.561077,159.36235,-64.6,183.30322
78.36966,-50.292038,79.6,317.29514
-29.834396,-34.497154,-27.4,332.58282
-66.24982,78.28581,-64.5,75.775055
63.80599,7.441874,56.1,7.1671505
47.403347,75.47455,43.4,80.59174
-48.215153,58.238136,-53.8,66.08688
39.9096,22.117323,36.3,23.4898
-7.6065183,16.231853,-12.4,20.182758
-46.754513,-13.082653,-48.2,347.52155
-49.358994,-3.1425328,-47.9,357.98108
60.551624,113.90326,73.4,117.283264
6.473559,-95.0037,9.9,264.70667
-81.340836,-94.01556,-84.6,308.59515
-1.5320055,113.36159,0.8,114.29749
-31.696045,114.15298,-42.0,125.598656
-63.878124,-98.34459,-59.5,262.62857
-44.478455,-128.30417,-40.6,222.02132
78.233765,-27.800531,78.7,1.5195311
26.45366,-60.348846,33.5,296.41364
5.704677,38.383163,8.3,42.138798
9.887775,117.59006,25.7,128.24185
54.174267,-128.1136,44.7,225.6296
12.730453,-111.04344,10.4,243.65273
87.53783,-85.19197,82.4,25.803972
-64.77101,-62.836563,-65.5,300.31375
-61.98171,-149.29169,-72.0,221.66206
-68.88065,-0.55822706,-72.6,357.60898
45.442028,34.31216,54.8,29.875202
58.702297,-88.6672,51.6,260.0331
29.903399,-81.03887,28.0,274.8551
2.7821548,34.821175,4.9,38.388252
-30.673803,125.60243,-50.0,130.99896
-51.09595,11.030308,-47.0,13.908098
81.896454,-29.826195,89.7,297.64584
11.674074,-6.962922,10.9,351.82675
64.388405,-66.19371,72.2,297.4841
78.53467,113.988884,72.9,104.44293
57.10106,-138.50275,54.4,200.30391
38.733044,-4.2191615,36.7,354.82407
19.82693,-77.10729,19.6,281.85275
-30.418316,25.858137,-29.3,25.831043
67.36522,-177.36122,53.7,166.19885
13.490805,1.2716292,3.2,2.5559819
71.6421,164.77287,74.2,167.03548
35.540375,-17.98806,32.5,336.99582
-42.43356,57.92665,-47.7,61.16858
76.14012,-177.42715,71.4,168.94247
-8.143169,56.30149,21.2,57.754784
-8.5908,-75.977516,-9.8,275.50714
-6.018672,104.59716,-8.9,107.37749
-67.71232,-117.452415,-72.7,257.4888
-75.93828,-56.559483,-75.7,304.75803
84.85133,-82.23542,84.6,304.80554
-5.219186,165.98734,-9.9,179.63652
-50.663887,74.74463,-55.8,81.742584
-43.14036,-100.36005,-47.1,255.02487
-29.374207,85.12586,-36.8,99.95516
-69.74675,128.68768,-76.7,148.59741
20.07788,22.098192,21.7,21.993584
79.7759,-187.89809,-87.9,106.04935
-10.277574,141.6901,-17.4,153.58075
-70.71895,81.890274,-68.7,132.53014
-75.66186,-11.678026,-81.4,7.413156
55.006195,-159.45079,54.7,194.64659
-10.133656,-0.59445786,-16.4,2.428158
29.620195,126.56763,22.3,146.44508
63.27958,167.92609,63.6,188.42148
-33.95829,-156.33899,-39.1,197.13525
-47.699852,-161.89201,-42.2,199.12798
-11.067956,25.67498,-10.4,25.896439
81.059,-55.4885,81.0,36.306564
53.976814,94.55803,51.8,103.50123
70.43755,-139.90173,73.1,213.7582
-30.199076,-160.03734,-31.7,196.80818
71.264885,73.326614,73.1,109.06452
-2.0572033,0.333293,-2.5,359.3025
-31.878382,80.87659,-38.9,106.49822
61.505302,104.60725,61.4,114.16086
-25.068829,-76.96747,-24.3,284.85913
-7.655844,36.88172,-6.5,35.76049
-12.692985,-124.926,-9.4,224.9093
71.285225,-55.91593,67.3,279.54456
21.279484,65.414795,78.0,64.176765
-9.158696,106.35699,-15.9,118.09893
53.062626,115.66503,67.0,125.02885
79.452446,68.44582,87.1,152.9529
-56.534832,52.59637,-67.6,67.38838
-69.89876,-70.427376,-63.8,287.81818
13.6731,-101.97583,11.6,255.98668
-32.446796,145.63742,-30.9,156.55249
-74.85622,72.60784,-77.0,72.01162
-81.51794,-171.61911,-85.5,175.01924
4.846143,92.481445,-7.8,94.18292
8.036446,-121.37835,8.0,230.56702
-66.81818,-80.89719,-58.4,279.4786
-61.458477,-25.694231,-65.6,328.38196
-6.319066,177.08844,-19.9,187.3568
-52.80941,-157.21626,-67.6,177.87442
81.627075,-69.763054,-85.1,305.48874
37.339027,104.00351,33.4,115.97938
-7.1962595,54.586037,-8.2,61.802155
-73.525826,96.884514,-76.1,127.21072
73.41356,37.076893,69.8,57.74414
65.33875,-31.491888,67.9,315.80136
-44.646297,125.07229,-47.3,146.20818
-32.172558,-0.8022319,-48.3,4.683955
41.388393,-68.294044,41.4,289.22104
-41.78289,-74.690384,-41.3,285.4024
4.3271704,142.9839,12.9,149.8294
-52.59666,157.64539,-56.0,177.04117
42.073334,92.97259,40.5,96.30348
-53.431847,-130.93353,-68.9,242.97046
-43.41462,111.17048,-52.8,143.50478
23.598158,-85.80523,22.7,268.85434
85.462204,121.92197,85.0,114.96091
-65.31924,-69.982956,-62.3,289.47287
-63.87101,-43.589993,-81.6,317.26956
5.8919992,-74.82363,7.8,278.80942
18.340796,-115.678116,-68.7,231.71445
19.722364,-5.8421674,16.4,351.12375
-48.727993,-54.25084,-46.3,299.8892
56.367046,92.65989,48.9,96.586555
60.653183,-67.32408,52.9,269.33203
70.776215,-145.1425,81.1,193.89783
58.079533,69.217575,53.0,75.27643
15.102176,-94.678345,12.0,270.09113
-8.878413,-40.886448,-9.9,312.97543
25.473537,69.209114,27.5,75.27496
-47.71207,-15.090083,-46.3,349.7655
64.28874,146.37117,58.7,155.70903
-65.73506,-41.484066,-76.7,318.85452
-44.255405,38.03631,-53.1,41.15058
-4.4219065,-47.544994,-16.0,311.6775
73.60878,-127.73811,71.0,215.49025
-82.57307,-102.61195,-87.7,228.7991
50.168434,111.89934,40.8,121.8651
23.022995,-113.20713,28.8,230.56491
58.385986,16.241228,56.9,16.875183
-40.698414,24.65497,-48.1,29.24472
-5.925584,28.282625,-15.7,26.613308
73.598335,-135.4096,79.9,222.42108
-71.00842,-184.08461,-72.2,166.68376
-65.73154,64.08569,-71.7,60.406586
-53.668842,-127.184845,-41.9,224.48312
-69.23328,-154.60736,-69.7,222.08162
-63.425133,79.21009,-67.8,91.82982
9.37479,-28.136518,25.6,316.71713
79.85818,-63.439163,81.6,299.7482
32.567028,-148.16272,26.1,195.08499
0.017029867,177.10036,-7.6,193.93733
56.20732,-75.06166,51.7,279.6488
-35.61634,168.9218,-29.9,180.55481
68.33399,117.154335,64.0,104.803215
37.380245,-120.72054,37.1,224.07372
-50.29999,70.49169,-51.2,71.10229
57.97379,145.86897,63.2,151.27565
-50.849556,-45.98956,-53.9,314.71677
90.03135,4.9352555,86.0,5.766035
47.126472,147.05807,46.1,152.4317
47.15168,-37.994648,48.4,317.8183
-37.409836,-110.63754,-47.3,261.23398
13.501931,130.76933,13.9,132.47705
39.39807,-165.07979,44.1,186.94524
42.152046,80.953224,38.0,89.65439
-74.57445,-102.28588,-81.1,280.78268
54.135166,-8.399235,59.2,350.41174
0.79944026,-44.84724,-3.5,312.2132
-18.661518,-49.405773,-27.7,312.78992
-17.897245,156.74982,-18.0,161.54282
22.502079,-21.293198,28.6,326.02554
63.353638,85.05289,57.4,88.073845
12.355297,-17.5962,9.1,346.79004
60.594704,-19.857529,61.3,336.97836
-53.791954,82.61077,-54.1,109.56945
-26.935566,172.36702,36.0,181.26118
1.8762552,-62.857548,-4.8,299.787
-30.739857,54.169567,-29.7,66.97267
-44.460445,75.31607,-42.2,87.74958
62.295,-193.27779,57.4,160.04697
-73.20935,-16.47715,-81.2,16.94796
5.382295,-141.98035,-3.6,208.33711
99.366135,33.215374,-86.5,91.917274
53.17479,135.42543,83.7,142.53894
-65.53095,-57.566936,-56.1,293.01883
-60.258633,-22.73981,-86.3,251.94666
-14.716247,18.629126,-19.5,21.59614
-14.73451,-141.76558,-27.3,204.38992
-63.227264,-35.863205,-70.3,317.25873
47.007282,35.62419,32.8,33.986927
75.784805,-54.763023,78.6,304.4677
36.619724,74.00413,40.7,80.21525
-75.211174,-195.94159,-88.5,88.992874
-15.452449,131.08066,-14.6,144.51228
71.14317,55.32729,82.1,68.84809
-34.03321,-97.78942,-36.3,265.31833
-62.05463,-97.17968,-70.5,273.19058
-55.086803,34.10489,-44.3,48.661274
-60.4738,-85.947624,-62.6,262.17636
73.52972,101.465744,73.6,71.25751
-60.73749,-140.38028,-62.2,223.16568
-58.57584,-100.68308,-88.3,357.2009
-27.272942,159.32112,-27.6,171.04607
69.35311,-192.229,67.1,163.61922
16.20747,162.49828,15.2,181.56895
85.68357,-128.29628,-87.9,131.05469
36.882008,-131.94725,44.9,211.2893
44.850918,-105.65204,39.6,236.04608
64.44515,-21.084263,63.5,333.93872
84.29747,-137.07365,-85.4,206.26537
-20.124542,150.27429,-22.1,161.32704
28.693829,51.15998,28.3,50.309303
8.506821,-127.050224,8.3,223.48764
-0.48827642,-84.57048,-1.8,260.45752
84.64834,-52.436863,-89.6,207.1864
-23.255085,11.990811,-29.2,15.336741
-0.97202,-28.245537,-10.7,329.1857
67.34531,6.8709884,70.6,13.7581625
-36.878765,115.81539,-41.9,136.59216
-34.40069,118.1609,-33.6,139.50572
17.76777,17.394712,21.8,22.407145
-67.700516,-94.18554,-82.0,213.87453
-76.67157,-115.79829,-76.6,248.19423
66.070526,-21.733377,87.6,157.26212
-25.87331,-135.11635,-22.7,222.25899
-13.951602,-148.90204,-18.5,199.81277
60.19308,-100.028534,65.0,255.33711
-11.625687,-49.109886,-9.6,307.5773
-76.2927,98.346855,-81.8,161.48647
2.7120478,-24.641926,5.2,338.7823
-46.581783,13.980109,-48.3,19.728148
65.98356,-48.91639,77.3,318.613
-39.831734,143.27457,-39.0,147.7435
-82.37652,-59.58393,-85.8,217.03557
-65.91174,38.626118,-65.0,49.812096
15.683364,28.038708,15.5,36.464832
-61.704823,-157.17775,-82.9,331.7774
89.19624,-58.172215,90.8,349.67923
-26.174435,-99.352325,-35.6,259.1569
59.450058,-53.372326,53.3,304.39526
-71.883156,55.658646,-88.0,52.74501
65.89167,104.453026,74.7,110.46186
-12.506796,51.63245,-11.1,59.224026
-19.857464,-31.31102,-15.5,325.67868
81.862686,-81.69864,83.9,201.28459
20.703165,48.72735,19.5,56.170555
-2.480691,-20.098598,-1.6,338.6361
40.111614,-156.9557,40.2,185.61687
-16.693645,164.57867,-16.2,170.2724
-23.708923,136.08183,-23.6,143.45016
69.24521,81.62038,69.1,77.79064
-47.751232,-123.85924,-82.0,257.02728
13.284391,-116.30738,16.4,228.38025
-24.583328,-118.567924,-22.1,232.37567
23.505585,147.30418,22.0,154.42328
29.581062,99.1884,31.2,107.59542
-57.57954,38.462723,-67.4,47.63978
-23.324808,168.34503,-26.7,194.21938
-64.78076,-42.45451,-68.9,313.96335
4.8648047,-1.9110059,7.5,356.43826
78.819,-7.7618213,91.7,261.8269
52.724228,136.7768,57.8,147.52368
75.1152,-55.137173,80.7,329.83072
57.777287,58.088577,61.9,60.317566
-72.4534,24.29583,83.3,321.1574
-65.918396,42.259735,-79.9,52.18966
7.611313,156.06354,-2.8,169.85675
-20.07033,85.38046,-18.7,94.891556
-64.02626,-70.51282,-64.0,280.7844
-28.816578,-19.149628,-32.0,341.6947
-21.700686,-149.39046,-22.1,201.7633
31.899055,-24.139465,26.5,331.76474
70.499535,17.614338,-83.4,82.00389
45.28073,159.9117,42.5,169.61143
29.1427,-159.5416,25.1,191.83446
-73.3885,108.79359,-88.9,319.38687
51.42654,-173.42516,46.1,179.70291
-21.140305,89.75193,-25.1,91.15543
68.12881,34.302032,75.4,45.772377
29.043966,85.427444,25.7,97.947975
6.92767,-132.61444,-0.6,215.07652
-41.645763,100.98248,-47.6,118.39264
-80.31925,-153.1083,-81.8,230.8642
-6.021089,48.748535,-4.8,51.717068
26.388073,6.9082007,26.4,8.866026
59.843246,17.80464,55.1,13.230066
-66.41504,25.030493,-74.8,29.495737
-21.722755,100.641815,-23.3,121.003204
83.84173,-184.7977,80.9,175.99777
49.898087,-134.3512,48.6,219.64932
41.868843,-36.26909,46.9,317.376
13.531734,183.22107,-15.8,185.80287
-81.288666,146.34059,-78.9,222.82518
-35.238327,-77.94691,-41.0,271.96118
-14.813714,141.94144,-18.5,145.26666
37.613625,134.98843,38.8,145.05975
-24.993052,22.094097,-19.3,29.403387
-65.47742,37.719467,-62.0,27.000284
69.84778,78.72988,87.2,96.55625
30.437063,-97.09824,33.4,249.36284
-30.19322,32.13488,-31.9,37.78187
-2.7288134,-20.079815,-6.9,339.11044
-64.69694,7.4272594,-71.0,6.4211946
51.18214,170.49593,38.9,175.07988
14.331189,-62.521133,17.3,296.89066
-3.7164798,143.80598,-6.1,147.15178
-3.9968305,-31.646187,-3.2,323.7658
78.46826,160.56668,74.0,174.55922
12.227862,-135.28712,16.0,207.14522
61.932327,-46.075108,66.0,298.1426
5.963437,34.43222,0.5,27.448809
-15.173296,-14.559161,-17.9,347.30664
-45.772278,-84.2661,-50.4,273.9818
8.708494,-52.679806,13.5,303.93253
-29.488688,44.71684,-32.3,50.289394
-3.9629855,-86.42672,-5.2,266.2012
70.58454,-84.55197,68.4,239.13222
40.280407,-59.03699,42.2,297.69934
-43.656586,-52.700314,-44.5,311.18738
-43.115074,128.38164,-51.9,135.86469
-8.086411,153.88544,-7.5,166.8415
-68.195114,-54.882706,-69.5,304.60324
47.13267,6.3623023,54.9,12.332122
-16.570354,-70.94262,-13.8,285.65906
24.650412,-102.350204,31.4,238.75546
3.401948,45.114784,88.9,113.72148
4.8011727,-136.21185,-2.9,208.28079
90.63619,-37.139057,90.1,217.60603
-16.801157,71.719284,-18.8,80.06232
58.673416,-115.991264,59.1,226.8791
49.33039,89.697716,56.0,85.916595
-16.722364,-67.56967,-14.5,285.25104
-55.4932,-145.37239,-66.8,211.35559
57.826733,113.206,55.2,114.38685
31.661167,29.97583,34.4,32.72262
-31.973415,129.01096,-38.0,139.85567
-66.36933,-175.48566,-70.8,182.55391
-58.649605,-49.114162,-56.4,312.47534
78.39696,156.84474,79.5,190.71321
-44.13885,-70.36709,-56.4,283.93018
-83.66089,2.9949496,88.9,270.86145
36.19137,-56.406338,38.2,301.73093
-37.065475,-29.056925,-41.6,334.79132
-44.17021,-131.70334,-42.5,220.1863
69.23225,78.00617,-78.7,109.6781
-0.35644412,-126.12778,-6.6,225.42725
-59.312687,1.0230219,-57.1,6.81427
86.804565,3.8382607,80.5,356.05673
-33.849453,53.340908,-32.0,64.13802
72.03978,-191.32475,78.4,157.68388
81.09368,124.11896,66.4,144.91747
42.977665,-155.02449,47.5,184.01953
5.7450557,30.376099,7.7,33.12723
63.93717,-158.94353,57.7,194.54433
-65.521576,-75.614044,-64.8,305.39557
41.278442,-18.175884,40.4,335.76892
-55.281216,-126.282906,-68.9,244.55544
-25.177639,-97.39073,-19.7,256.61218
70.40935,-49.35184,70.7,302.1046
76.21152,-80.65236,78.5,245.40019
-49.74056,143.97066,-56.1,162.84396
13.87073,-131.133,15.9,236.63243
25.174408,40.379,22.3,32.35547
14.426006,-155.32898,12.7,199.94383
11.186024,-93.257195,6.5,251.65422
-60.744156,-52.113003,-65.0,312.48425
3.64995,129.37883,0.3,139.04022
73.6466,69.50158,76.5,43.99525
-57.092228,142.80164,-71.2,152.70502
-28.044806,-85.340385,-26.8,272.1832
53.564854,125.96201,57.1,137.12558
17.35709,-142.5549,14.8,215.78233
-11.828494,-92.31217,-15.4,262.7016
83.27203,-28.269403,82.5,321.87637
-16.018435,-42.052525,-15.3,318.8496
-45.3149,-31.693525,-42.4,324.39975
-77.84642,-61.52383,-84.6,294.57242
77.87602,118.09873,67.1,87.124275
58.696598,-21.222868,58.5,335.74673
53.14849,-82.82192,55.5,267.91083
49.9013,98.04875,48.7,112.333
13.288402,59.893127,11.9,68.23651
4.0634904,-140.69171,5.3,208.95021
49.028378,-92.62204,45.5,265.96326
-44.346336,120.40275,-49.2,131.00816
-18.41949,71.02468,-20.0,76.52785
-73.96482,-99.48696,-77.7,212.96834
-50.063286,-122.99195,-58.0,229.51735
27.383068,102.77586,0.3,117.455154
65.96874,91.006454,63.9,90.65954
57.434856,41.96206,67.0,34.721703
33.421066,9.0273,35.8,11.427133
-33.815716,-26.331266,-46.9,334.5642
11.564051,-64.9372,13.1,300.0236
58.135937,-181.80919,56.8,158.36148
17.783342,-114.80993,17.4,248.04399
-27.409407,11.223648,-31.1,15.725492
-59.19567,-14.403373,-66.6,340.83438
-43.43266,102.98615,-49.4,122.438675
20.108076,-34.972282,18.5,317.16528
-55.06973,-115.86153,-72.9,219.89992
5.7548347,36.982613,13.9,40.352757
-29.869259,-29.310501,-34.8,327.75125
18.15939,135.54898,15.5,130.77658
64.67111,-83.22939,66.9,267.55673
74.4557,-204.56212,72.1,127.25096
-4.1333814,-12.773201,-4.0,345.95166
-64.51267,127.8453,-67.0,135.24457
71.69837,-48.872437,77.5,303.98386
75.34675,-81.22311,-84.7,133.74255
-56.730263,169.6459,-62.6,183.28595
-34.424084,38.08822,-32.9,48.835667
23.106497,153.40964,21.6,161.08705
-9.740561,-51.002094,-21.7,308.54266
0.16212921,154.95497,1.7,162.94653
-14.680937,-145.8154,-13.5,208.68321
68.97149,103.291725,67.7,126.8548
-60.34164,30.687351,-69.4,49.655804
-15.535607,41.067467,19.4,41.616913
49.04263,109.26292,-89.6,142.42693
61.694283,-66.00955,89.8,305.8416
-19.121908,-107.22704,-23.0,248.93666
76.41498,-158.27829,76.2,212.7219
-49.180557,-87.10484,-58.0,286.40265
39.505306,-154.69777,39.9,202.41238
63.68078,-69.33657,68.3,275.01462
35.714046,-117.66891,33.0,232.41023
-27.046137,59.91527,-30.2,72.44845
20.09401,-158.72598,21.9,193.58205
26.425615,53.9421,23.5,60.376244
-42.487896,-101.921265,-28.6,250.77232
50.80044,94.4639,50.8,99.54614
56.201447,89.5626,62.2,91.055115
-22.324791,48.15395,-87.4,15.193009
13.312513,112.81482,10.0,124.47206
26.926517,-170.69063,23.6,195.6016
54.691616,44.026497,55.3,47.160786
67.98409,157.32826,59.9,166.77516
18.139679,150.11974,19.6,161.29015
-9.593953,-113.497284,-6.5,234.46588
-30.991951,8.337397,-31.5,16.488594
-74.68926,106.6177,-73.1,129.12256
63.870907,-46.830517,75.0,289.31918
-9.0844,134.95164,-9.2,142.63283
-4.132075,179.06174,-0.9,191.7927
-22.649725,112.36476,-28.4,136.59521
-55.43107,-63.358433,-51.1,287.46432
69.299515,-94.86644,55.9,261.0787
-57.34341,-57.772266,-51.8,304.29974
55.275436,-110.63668,54.0,239.104
14.837963,-169.07515,26.2,188.30289
38.355255,43.745247,35.0,49.985985
85.94846,-63.959194,-88.6,32.99752
-8.150739,159.167,-14.3,167.41957
61.850113,-167.28732,62.1,189.24982
-20.786802,-102.676445,-22.1,251.42345
57.386673,37.118996,55.3,42.30056
-25.569443,-149.098,-24.4,203.18065
-46.90041,-105.68143,-45.2,254.2408
-36.56459,-100.2562,-34.1,252.4713
-26.164927,-1.0985187,-26.5,5.9704037
22.61467,157.9701,22.4,197.37917
-21.237726,156.01993,-18.9,164.71303
-2.328949,-8.899484,-6.4,346.22372
68.16787,-93.98983,60.8,243.23526
9.6736765,189.17593,10.9,191.34225
59.252613,-180.70245,53.8,162.2973
-31.984512,95.41847,-36.1,115.785484
58.96741,-116.1543,51.7,228.56282
75.54291,60.342125,76.0,53.304317
-38.867344,65.24943,-43.9,74.42982
66.83297,-147.01743,61.8,185.27599
48.389374,-95.63962,42.0,254.79347
-67.42765,-147.92737,-76.3,239.419
20.133965,94.663475,23.0,101.56116
22.669117,-167.31621,24.7,187.6238
9.879578,81.442856,6.7,86.76877
78.33547,17.34678,79.0,18.845308
-21.223625,-133.67783,-28.9,208.29807
34.168213,-36.101402,43.4,314.92404
51.477722,-56.632206,71.3,277.88782
5.867186,65.45168,10.1,66.8744
6.931331,68.60646,9.9,82.77617
-1.1020129,-26.09612,-26.0,327.58664
71.83812,-37.101757,65.8,332.4226
40.349796,74.091774,35.9,73.33451
54.73572,-56.47195,66.2,296.93536
76.80393,-110.59255,75.4,237.971
-73.97026,-141.99469,-80.4,210.44627
-36.10035,-56.807793,-38.9,299.8801
60.792725,-143.73808,-61.9,230.95872
77.20124,-84.70759,90.9,115.28098
70.02101,-124.94311,67.6,225.16309
-58.359074,98.80619,-60.7,108.548416
41.230553,-129.65378,39.0,221.12648
88.09419,-114.9088,-88.1,6.6593156
-66.19131,95.278275,-69.2,71.62915
56.21371,-19.794874,58.3,338.31256
-32.8188,-65.23882,-34.0,296.55325
45.092567,67.814224,52.8,72.182205
-37.63418,-123.1334,-35.2,234.59753
76.62838,-121.61728,83.1,266.82367
17.471413,160.27815,22.3,173.32777
22.502838,-95.448425,24.2,257.96487
43.11408,-132.49518,42.4,210.73601
-61.135853,5.6746597,-65.1,6.6824074
-37.97774,-105.50951,-35.5,253.05515
-54.151817,53.53089,-53.9,60.335396
56.934803,55.419384,70.2,42.65906
-23.1408,10.174652,-23.2,12.014151
75.05291,90.454636,79.8,124.26014
-63.400414,1.2785883,-69.7,6.5532055
62.367527,40.136295,62.9,30.05427
-14.766043,132.11559,-19.4,143.69595
-10.557385,-101.8298,-12.2,242.09976
67.36009,41.67954,76.2,45.02943
-44.995853,-26.107887,-45.3,334.76605
9.965031,-119.90568,9.6,230.2366
-8.768077,-139.72017,-20.7,208.78961
-21.704632,24.291145,-27.1,28.653399
-68.87673,48.50454,-79.6,43.23848
-13.351043,89.79316,-13.8,99.49972
-6.099172,32.774837,-11.5,32.692577
70.82722,-19.488207,61.3,337.4063
5.4022985,164.58977,2.3,199.56258
-40.45776,-46.01319,-47.6,310.0747
-82.82799,52.088722,-87.1,302.64474
61.765232,82.74594,61.1,91.46184
-10.986984,-19.139753,-13.0,341.65088
-4.964584,-114.7286,2.2,244.46753
82.017876,-4.7761183,89.7,353.9625
-28.110104,86.832886,-26.8,103.569046
60.8902,35.435425,-83.1,100.84769
53.969883,37.16546,46.6,32.862774
-55.904587,-167.29541,-67.4,194.00636
-13.334949,-67.93157,-15.1,288.41013
-76.509514,-41.776043,-77.9,308.19678
-18.723269,-72.28826,-23.1,284.2118
59.459164,-96.43749,50.0,262.0685
-42.07276,64.91788,-47.5,93.16555
42.72788,52.9292,33.2,53.051445
-6.9483957,-112.993416,-9.2,239.9217
41.341362,17.458975,40.0,12.326335
18.557241,-94.14446,18.2,264.6302
-20.625507,35.79864,-26.1,44.307003
54.030045,-5.57287,44.9,353.8184
90.98124,6.745957,-84.3,76.02699
-30.308048,-96.60917,-30.8,260.91336
-36.81475,158.50824,-36.4,170.06013
-8.5318,47.82348,-13.0,49.690765
-30.909142,8.795026,-29.8,10.846247
-9.656882,-77.844475,-8.6,275.6856
-9.662666,144.38493,-4.2,147.64682
66.18728,0.24369009,57.0,357.62088
34.121742,110.68646,32.8,115.18379
-40.19051,112.15467,-35.3,131.30333
53.481773,68.968735,52.6,73.30493
66.895584,-2.9003341,70.3,349.41492
20.718367,-41.724243,22.3,309.92987
72.271385,-21.505798,68.0,327.5517
37.757565,-116.89291,35.2,232.79684
34.099106,158.79556,39.3,167.17078
-70.43358,-29.85935,-77.4,321.02573
-50.325787,124.56019,-59.9,146.1179
80.23988,-29.072657,85.9,343.4767
-11.610213,128.03355,-9.2,127.48084
-13.261519,62.47235,88.7,256.35147
-8.175271,-152.75194,-0.1,206.38045
27.228054,20.56296,81.2,22.015657
-51.33651,131.56587,-56.2,136.77518
49.10246,-4.0125313,40.3,357.39996
-0.6055365,-102.61605,-5.8,240.56206
-24.770351,-65.41101,-27.5,298.36707
11.171647,147.75986,16.3,160.86418
-65.19275,-0.16858315,-74.4,3.5872273
4.6528463,163.7987,-2.0,180.78146
22.255613,-46.039436,26.8,314.2172
-52.76147,20.057737,-46.9,20.30142
-50.45818,75.73026,-51.1,113.41124
14.183858,85.76002,16.4,99.605156
-79.410995,43.359688,89.4,129.7003
36.40905,122.83646,35.9,131.66869
30.836939,-85.68017,23.0,272.52405
-44.21947,-0.9496218,-52.2,356.1027
-15.31713,-131.76881,-21.0,220.63258
65.37928,-112.1152,68.7,249.66936
-23.942047,-134.18867,-33.3,207.39198
40.62878,167.5929,43.4,176.83234
-4.3227954,94.0633,-9.5,102.07347
-55.663845,104.78834,-47.1,118.31286
-50.344387,-51.605267,-53.2,301.00113
-26.300611,-153.29929,-33.9,206.51724
29.043585,-9.68399,32.2,349.74786
52.640564,-171.32555,50.2,177.45161
28.161932,-72.78135,26.7,284.09436
-58.9547,37.782856,-49.5,56.233017
-46.53285,106.19745,-51.6,132.47188
13.091996,167.08794,1.7,189.15967
-2.802222,-16.418964,-10.2,341.99442
80.61893,-4.6779885,-72.3,41.396484
-80.9853,12.512868,-78.9,81.75869
59.551254,-6.552017,56.3,354.0495
-67.68259,146.50816,-64.1,170.10284
68.772095,-169.67142,62.0,162.46964
-47.788002,-138.94107,-48.8,227.54002
-41.180332,-56.77096,-57.2,301.76978
78.96498,39.783997,83.6,31.244402
-5.171107,-17.004984,-11.4,341.91513
16.159342,87.00059,5.8,107.02654
10.89827,-104.20439,10.9,254.38828
18.937054,-70.81018,15.5,288.50302
59.88379,27.124252,54.1,20.989151
78.37653,-179.58138,74.6,179.17001
45.522907,-12.241103,43.7,345.31424
41.573257,6.0112085,43.7,7.379088
-17.452202,145.56088,-18.6,157.3328
62.3175,-51.087345,66.2,308.26868
-68.14414,79.02879,-74.2,124.700645
34.212864,5.4110994,40.0,10.6343155
-22.747646,1.8153077,-21.5,6.6598806
33.15086,-32.989735,-39.2,330.9603
23.69543,27.59387,18.9,23.846521
16.408785,109.75868,10.2,128.09659
-7.904642,144.18404,-12.8,154.29156
-68.59037,-21.074999,-74.1,1.3227566
35.650166,-93.03473,33.1,265.0783
-60.660976,155.39568,-68.8,171.05107
4.2649956,121.01235,2.7,121.949165
20.878872,-133.00514,18.2,212.70728
26.858463,-55.786293,28.7,301.09122
-66.02141,109.51606,-76.9,145.98996
-45.692703,-29.443098,-44.1,328.45584
-13.364041,118.102196,-11.5,123.832214
-34.05609,-7.390743,-32.0,357.2393
-49.583332,-112.79102,-52.4,242.63072
-7.000632,-121.49689,-4.9,223.68881
80.63992,-95.576225,-86.7,210.31502
42.847046,-158.21762,38.0,193.81688
-26.326351,118.33737,-31.0,134.63275
-7.1977983,2.0711174,-7.4,3.6524768
29.798243,-124.5368,28.6,214.03568
-46.04137,159.27228,-50.9,170.60826
-27.085968,45.569134,-22.5,56.286945
68.272835,30.7858,73.9,18.925575
-8.313748,-128.04932,-15.6,227.27495
65.87426,4.3738136,69.1,359.51068
-42.979073,93.22889,-48.4,110.177536
-38.143394,44.203438,-41.6,50.47487
-47.50012,-96.39013,-53.6,256.1407
68.298874,-6.897914,81.9,340.0639
5.362884,-81.254166,-6.7,262.36154
74.08965,-135.93909,87.2,7.081363
-3.6450632,70.51703,6.6,84.144066
51.197224,89.835365,-88.6,77.96417
11.1352215,-119.00897,7.4,230.877
-69.63234,27.302858,-76.4,21.042072
41.248928,-129.20155,37.5,215.1827
40.308422,142.55357,35.6,151.52834
34.00945,-108.04877,28.5,242.30537
46.522663,-39.356243,39.9,319.85062
22.779833,92.76925,26.1,96.49277
76.40706,-203.312,76.9,147.0582
-29.0809,70.10412,-28.2,80.67482
-42.76873,-138.09218,-48.6,209.96805
-13.52533,-158.14012,22.7,192.73721
2.9147027,151.57153,5.3,166.49008
-28.467873,48.127518,55.4,51.237225
-42.465893,121.68508,-48.0,119.91879
-62.57424,-34.43511,-57.3,329.46497
-63.615345,-178.68076,-63.5,190.5189
-13.545695,-5.0196643,-30.4,2.9096835
-10.863705,-36.98189,-12.5,317.52188
-79.53459,-81.067604,-84.1,344.05774
-40.53759,18.016256,-41.4,21.760641
17.750395,-58.21937,15.8,295.95157
-77.36449,112.9871,-76.2,115.81937
-46.749687,-195.7308,-43.3,175.82516
22.287848,-129.31474,25.0,225.52615
81.71284,-27.582582,-83.2,324.87387
59.709843,-113.780945,63.1,239.57184
78.00491,-9.901033,-85.4,357.73514
-47.929832,75.14763,-51.1,81.72507
-14.527567,146.73422,-9.2,148.94875
8.386336,-129.17026,9.4,218.46786
-51.605824,-154.819,-59.6,215.58035
-43.802055,-103.26911,-42.1,247.7537
-56.87239,96.15705,-71.1,101.25608
-5.6031632,74.3461,-7.4,75.10873
9.0811205,-120.0437,5.7,236.73856
-14.371394,-13.702222,-15.6,346.56702
-24.658556,-37.528103,-25.9,320.01984
-3.6484766,-75.49481,-20.2,279.95828
68.76365,77.53854,70.1,67.12372
79.13024,-123.29756,-87.8,273.84277
19.011162,29.333113,20.9,27.791023
60.953915,-117.05817,51.3,236.40514
9.210162,-143.45709,5.9,205.91501
30.04156,123.188675,25.2,134.20085
-37.149483,54.443966,-40.4,69.3258
-54.513634,-168.24944,-58.5,178.51083
-6.7373843,-105.47723,-10.1,239.80122
27.341436,-15.066162,25.3,345.42148
4.5438833,152.68259,12.3,163.86812
22.603785,10.970627,29.0,7.09403
-18.587147,27.344463,-23.0,33.88274
9.660432,-74.16663,3.7,284.23376
71.02257,-36.048958,70.8,315.14594
-77.029785,59.351738,-85.7,308.68283
-50.14546,41.334225,-42.0,49.134007
16.39389,70.714455,16.8,68.29395
-25.304472,50.37227,-28.3,61.484756
-3.5126545,-116.298515,-7.4,234.13083
-55.40685,156.79419,-49.1,165.75465
32.33951,-122.95996,-47.6,235.41768
-50.61317,-91.57715,-39.4,250.63791
70.40118,56.8372,63.3,59.61845
27.611261,-1.8100605,35.2,355.1033
24.741636,-29.248308,28.8,332.53772
70.94638,42.182224,75.5,36.51012
-33.13192,46.429493,-30.0,55.96852
52.93401,-51.748756,48.1,300.6429
46.415806,99.29832,40.1,114.170235
6.184967,120.01716,8.0,128.10986
-19.859907,-120.220665,-25.0,232.61165
68.28897,-35.601917,64.0,303.71063
32.69045,148.98268,27.9,160.62886
50.619823,7.321177,53.3,11.179119
3.2801542,-59.990154,6.2,295.19193
7.3745594,131.07118,6.0,142.52846
44.62984,-139.47803,43.9,210.59802
-14.709295,-94.80535,-15.7,267.33795
-0.32258263,-45.93791,-8.4,302.7205
59.43254,-15.572793,60.4,337.70117
38.45165,-184.98022,31.5,170.31229
5.392826,28.403152,7.6,27.79532
20.863565,90.73464,19.8,100.780495
88.10655,78.21484,87.7,145.37657
75.43623,-177.88994,77.4,176.19295
25.065485,-68.42739,22.8,286.99692
43.03702,141.70784,32.6,144.53267
-12.675345,-151.0914,-4.9,185.3923
-52.151527,0.020709649,-62.3,9.652043
19.30494,-124.156044,20.4,225.44289
3.0220845,139.78424,2.8,153.1471
-23.191866,138.54597,-22.3,150.67691
6.720929,-121.04419,10.7,242.80574
-23.30386,-31.34708,-19.2,324.29153
-10.223648,1.1800941,-11.6,2.5540237
9.523624,78.16271,9.6,78.58006
57.746338,-131.11656,44.1,214.11076
-65.94151,8.429456,-75.5,8.489757
-12.381335,-103.69789,-11.0,245.94382
-12.021635,-16.922312,-14.8,342.70026
-77.90615,60.6053,-85.6,28.35971
60.422894,141.39728,52.3,142.87517
61.515347,-111.570366,59.7,228.97778
90.02712,-44.519367,-82.9,11.496904
22.116495,72.47872,16.7,95.05192
65.16842,131.7114,87.0,75.32172
-65.90555,-146.44263,-72.0,202.9324
66.63534,153.51598,53.6,213.45079
-9.118198,70.11106,2.7,71.83515
66.335846,-154.4284,75.2,201.38376
89.68806,90.46375,82.4,105.067505
18.456789,101.81604,17.7,113.81128
32.78206,136.37157,38.7,146.38675
5.8956223,27.496801,-1.6,24.671928
68.59426,-84.94391,70.9,256.19846
69.92647,-178.03743,61.1,150.93497
50.278618,24.078772,47.5,15.434432
-48.980194,6.5021143,-86.3,17.222095
-21.780102,126.79424,-32.7,139.33986
64.216675,-164.7599,68.6,196.34244
-37.497105,44.947697,-40.8,46.09068
-39.01533,-12.425531,-36.0,350.2206
80.60579,-15.342843,-87.9,343.04807
-30.57114,10.248304,-39.8,14.322853
0.26895583,-81.21617,2.4,272.87552
66.342926,-10.166883,79.5,347.22754
-47.269424,139.37079,-66.4,161.77235
14.974853,-179.52571,20.5,187.28058
42.075848,0.40632662,33.0,355.46024
-57.063812,92.67288,-66.1,102.211784
66.879166,168.05492,66.1,172.47794
-61.15881,-166.88531,-69.0,163.05124
-32.546787,-93.82452,-34.9,267.44272
36.52729,-67.44632,34.7,286.83667
-56.922203,-103.3017,-63.6,262.99835
74.17949,0.67967176,81.8,3.9604836
-66.45791,-73.05357,-74.0,303.52103
43.633305,9.469136,46.1,10.746564
-11.357554,90.66295,-9.8,99.52744
-9.563105,15.1588,-12.3,16.418972
9.883196,149.51396,13.0,167.11165
50.316998,-133.45372,50.8,205.77028
50.98124,20.241903,51.3,18.16159
15.27759,109.04775,83.4,53.53315
75.69054,-149.19652,76.3,194.28998
-47.859604,64.80551,-45.0,78.517265
33.74002,132.69469,30.9,139.80386
-48.73734,134.1029,-56.3,147.06177
47.667316,-97.63732,43.9,256.23444
3.702024,38.844128,-0.7,35.271645
-50.607452,128.83237,-51.4,137.1556
-30.65323,71.66713,-26.7,73.56168
18.279148,-43.72295,30.3,303.06033
44.534897,-25.30018,47.0,329.89453
-1.3900558,80.54517,-5.0,73.9463
-47.595642,-142.31775,-54.5,212.95705
17.4265,34.044075,16.4,28.947208
40.44707,-15.352036,37.3,337.17856
43.2388,80.16345,34.0,75.20531
68.146866,-178.65723,77.8,181.67143
-22.374966,-56.006172,-20.9,300.35248
23.739815,25.799185,23.7,25.002583
46.379936,-119.58582,35.5,240.49034
-54.96,93.96519,-53.2,103.64459
-46.970688,-176.27176,-83.7,203.12903
-63.912624,-172.9645,-59.9,178.0321
-69.9141,24.096369,-69.8,29.52963
43.16165,40.92741,42.5,43.905376
78.55083,-28.969822,67.0,322.73886
-44.704666,-145.43864,-43.6,212.99202
8.792832,4.1269655,7.3,5.73045
-43.220158,-26.467024,84.4,272.0823
-79.89236,-75.01039,89.3,158.36342
72.23703,-14.341092,76.1,358.20975
51.32253,-72.0807,-85.2,317.95456
-65.60258,-98.26051,-77.7,240.70464
67.10816,-133.19044,69.8,212.46344
-46.028446,29.040348,-48.5,36.331272
22.508183,108.65001,24.0,124.80091
-77.13161,72.537704,85.3,81.92097
59.167236,-46.31042,69.3,313.65884
-12.608132,-137.30605,-10.0,210.08284
72.13792,-65.65956,71.2,271.1265
-60.633995,-131.0426,-59.2,228.64998
-53.34672,-126.69323,-60.7,236.919
61.885513,119.359726,52.2,120.519646
51.17906,-55.98677,43.0,302.58386
-34.591568,87.660805,-31.5,89.854385
63.697014,-27.548555,66.8,328.8094
70.7382,128.38628,70.3,138.3227
-0.53211987,42.40564,-1.5,41.008278
-54.888645,118.84395,-58.6,131.40686
-72.99063,-157.82747,-76.9,193.0987
38.141624,100.29836,44.2,110.25218
78.48643,-96.4417,80.3,258.82153
6.956876,3.4289744,7.1,6.4696274
-61.967216,80.059265,-59.3,87.91477
-1.2280469,-57.297493,4.7,307.1877
49.18935,-154.46753,45.3,196.66695
36.04302,30.525951,47.9,20.99089
5.2279844,81.99482,5.0,93.00996
81.76255,-160.53928,-84.2,206.78679
35.82767,69.55798,26.7,70.94534
18.94699,27.581837,19.8,28.009296
-61.54093,-12.734259,-82.2,349.28754
75.772995,133.55449,76.2,98.79797
-54.589947,-86.82492,-62.0,273.72983
-71.653175,25.001717,-79.7,16.239595
-51.592678,-73.95707,-54.9,308.1906
72.4067,-42.67584,71.9,318.09012
-41.815384,90.399826,-50.3,90.67148
-3.124718,57.368877,-4.2,56.629055
-24.487925,-61.797436,-29.1,302.11646
-16.003222,22.143536,-11.6,26.490427
16.441769,5.8071885,20.1,7.682672
-22.01778,52.002537,83.2,304.31857
16.520536,38.082966,18.1,44.40992
-51.925045,-59.625565,-83.8,246.74124
-62.35513,42.766388,-82.1,87.46336
60.081795,146.58066,60.5,155.46101
41.543106,77.91817,48.6,76.428085
-57.55153,29.42029,-67.5,56.421104
17.746141,171.0324,30.8,183.9394
13.505132,-82.25422,11.7,277.17502
-1.0833638,-70.93972,-7.0,283.5272
-67.34523,70.91094,-63.7,78.678474
-23.076506,100.3775,-30.4,109.549034
-14.408043,174.73616,-10.0,177.18628
-50.42834,76.01782,-56.5,99.53029
2.334625,147.10327,3.3,158.34045
-21.763287,-88.56678,-22.0,253.7742
11.102025,-119.26572,7.9,233.08852
69.40528,12.931967,57.9,16.077585
-38.613255,-56.50157,87.7,234.43745
-29.417324,122.65156,-36.6,129.32642
62.85563,-160.08247,56.3,199.07964
77.03292,-103.733185,78.9,261.58554
-56.503593,-148.34674,-60.7,213.66913
-57.191616,-47.273777,-63.2,302.06955
-14.039994,-138.41786,-21.8,216.75893
6.7330227,-146.27278,5.9,206.69879
-69.638054,25.296951,-66.7,28.907852
12.818055,149.15463,11.5,158.28108
10.924957,77.4856,7.2,81.51156
-63.746952,6.608289,-77.6,356.4042
19.50934,-123.42054,26.6,234.23314
-26.544151,144.07602,-31.9,156.24287
-22.125135,-152.35213,-25.7,206.27684
-38.063137,-56.381454,-31.5,302.34723
28.945513,-103.81432,26.1,251.4131
-71.87099,-118.65759,-75.0,229.00752
-10.919439,-112.35065,-10.8,185.7564
-9.958106,107.81689,-19.7,122.06708
55.016964,-64.7914,54.3,284.79843
83.341965,-132.1577,73.9,247.18634
36.102505,4.7044206,34.3,7.344791
38.00518,-56.997223,34.1,299.6353
-18.493902,-45.37616,-31.6,311.14627
-30.759295,-100.72121,-32.4,255.06302
76.544655,-115.08131,-73.2,258.79404
8.421339,-112.676216,15.3,245.27917
81.8409,-57.73168,-86.7,298.45883
7.56484,68.55268,4.0,91.54136
-38.56444,12.268829,-48.7,20.90349
14.653558,2.650509,15.8,8.836724
19.054344,50.96782,24.3,55.994675
72.80145,-53.479855,73.7,284.5146
-61.186337,-98.87405,-68.7,237.1811
-61.289066,69.368385,-55.9,86.69771
-63.3805,155.41966,-73.1,152.54439
-25.633806,-124.509476,-29.4,225.25029
68.32015,138.7924,70.2,149.44402
-79.53941,-197.95963,-89.3,24.513159
82.04182,-67.475136,78.4,245.2094
-65.74886,-169.38339,-72.8,159.99754
-67.884834,-52.251373,-84.7,227.5849
-28.573126,-55.297173,-30.5,305.04614
49.74395,-163.9542,55.8,195.55928
-45.833843,87.700294,-48.0,95.89767
-24.425854,164.46649,-20.3,174.60927
40.922825,47.658566,35.4,54.731873
-0.9508879,-111.60476,-8.5,237.09459
-65.81257,10.330076,86.7,8.84968
-30.609966,-66.47071,-44.7,291.65808
56.511684,143.4651,48.4,144.93364
-11.817384,-123.90554,-26.4,220.173
10.758672,125.2743,11.7,129.71446
-28.041111,164.1907,-34.1,182.0391
45.898903,5.333435,51.1,7.297535
-66.033165,-82.55716,77.6,243.86945
-78.09543,-38.205944,-83.4,331.61475
56.158432,-5.372173,-73.0,0.40372953
-51.92518,-37.403816,-47.8,329.9491
74.99076,-86.919365,76.3,263.25342
-44.14648,-216.07219,-51.5,158.71385
66.40342,112.803925,66.7,132.46284
-24.149267,90.37226,-27.0,103.35211
-45.750538,90.361206,-50.5,98.270874
-4.5287304,-32.382744,-14.2,327.5189
-52.175316,4.9995084,-51.9,8.447761
64.8795,-46.81204,76.9,316.45938
-42.16025,79.66192,-46.8,103.792305
-42.921593,75.97287,-45.7,85.83339
61.09005,-102.99315,51.9,247.12935
78.89093,61.316322,81.3,31.668337
-57.744892,0.53359294,-61.4,6.6429563
2.407102,146.28423,5.2,151.37167
74.801796,-149.4553,65.7,177.2232
48.170025,-147.64261,41.8,198.6899
60.830288,117.98112,58.6,126.77643
-43.431038,126.168205,-49.6,140.59554
-2.5215836,11.110911,-0.4,13.456814
27.02167,-140.93355,21.3,211.2369
86.42123,-160.38205,88.8,130.09901
86.20551,62.1475,89.9,54.943855
66.80063,-55.627827,78.8,311.42075
-2.9520943,-152.47243,-87.0,159.7016
-46.094757,29.455193,-47.1,33.993725
-25.875816,-156.86465,-28.2,199.14961
43.59329,-14.71676,40.5,346.27908
2.5205452,159.99492,-0.1,184.29962
64.80615,136.60985,56.7,127.8261
62.71877,42.9432,62.6,37.138744
18.932495,-77.81944,19.1,287.1677
-14.2565975,-152.10466,-19.6,196.26727
50.10534,63.717724,56.0,71.0182
-61.837543,-54.977207,-61.3,303.1591
13.764086,1.0297782,18.7,358.6062
-75.957146,-176.50766,-83.2,144.22679
-14.252784,134.51016,-19.1,144.29932
20.284536,-167.19725,27.9,188.78534
-72.22151,28.054478,-75.1,25.622551
93.81007,-136.9071,88.1,251.89249
15.474947,132.52847,9.0,143.4731
-75.002075,-39.06588,-79.5,327.5264
-57.323254,-102.34036,-57.9,261.5627
41.034866,-25.253557,41.0,329.86926
-34.395264,101.19004,-39.0,110.21934
-15.774656,-21.290764,-16.6,335.02017
15.997382,-78.02719,16.3,276.18695
35.320812,1.6435162,23.6,357.22897
-66.835884,2.7795796,-74.8,1.5438783
82.92757,55.72599,77.4,65.37554
-52.218327,-41.574867,-48.4,315.22144
-18.257849,-106.901535,-18.0,248.82632
-29.704576,-112.52398,-31.8,244.88838
32.327003,-142.03067,30.5,206.66554
25.15439,-38.932987,29.9,317.1235
-53.827953,-104.97317,-59.0,250.10612
34.231525,17.234642,32.9,20.183027
59.869316,133.57462,56.1,131.89815
9.446398,113.47072,10.0,124.71787
52.607647,-12.220688,46.9,346.12057
-74.02831,-114.54058,-82.2,155.579
-32.712368,-145.32245,-37.4,199.56741
