,Pred,Real,Pred_raw0,Pred_raw1,Pred_raw2,Pred_raw3
0,3.0,3.0,-2.6150055,-3.4041426,1.380691,10.908454
1,3.0,3.0,-2.3604856,-2.9305847,1.3256036,9.387448
2,2.0,2.0,-5.4881516,-0.2631985,10.322014,1.1044414
3,0.0,0.0,9.638105,1.0607594,-1.9256964,-0.65117747
4,2.0,2.0,-6.419481,0.78985816,10.356404,0.5314072
5,2.0,2.0,-5.848801,-0.29842734,10.943905,1.154615
6,0.0,0.0,10.958049,0.84550583,-1.697542,-0.5233105
7,0.0,0.0,6.1250224,1.7958436,-2.806019,-1.2020284
8,2.0,2.0,-5.9560575,-0.41214097,11.366916,1.2525849
9,2.0,2.0,-6.439942,0.032384887,11.555153,0.97718567
10,0.0,0.0,8.634478,0.63491136,-1.2353257,-0.2910455
11,1.0,1.0,0.19815767,5.326779,-3.0888462,-3.2663863
12,1.0,1.0,-1.4862887,7.6607213,-3.1757185,-4.5213404
13,0.0,0.0,6.1043935,2.62732,-3.735864,-1.8884957
14,1.0,1.0,-3.4381342,7.385983,-1.1502388,-4.0785565
15,1.0,1.0,-1.3625609,8.098206,-3.5145233,-4.8075438
16,0.0,0.0,13.679069,0.7233387,-1.4599109,-0.32946926
17,2.0,2.0,-4.508947,-1.057511,9.277518,1.7299882
18,2.0,2.0,-4.846239,-0.9503344,9.835696,1.6331196
19,2.0,2.0,-5.492707,-0.38605815,10.386267,1.2025275
20,1.0,1.0,-1.6659571,7.707285,-3.0156236,-4.541691
21,2.0,2.0,-5.704576,-0.14399604,10.529609,1.0268818
22,1.0,1.0,-1.613203,5.4087815,-1.7498978,-3.1295264
23,2.0,2.0,-5.8166757,-0.3573444,11.030119,1.1992109
24,1.0,1.0,-1.0723523,8.137837,-3.7628994,-4.86501
25,3.0,3.0,-2.59191,-3.4120529,1.3693895,10.908647
26,0.0,0.0,12.429835,0.7159746,-1.4425735,-0.30619246
27,2.0,2.0,-4.564641,-1.0856534,9.377278,1.7982336
28,2.0,2.0,-5.131297,-0.6161768,10.147898,1.3062751
29,2.0,2.0,-6.4535875,0.6656147,10.609894,0.5842134
30,2.0,2.0,-4.941276,-0.68189657,9.76264,1.3825963
31,0.0,0.0,11.556149,0.5977833,-1.2225554,-0.22076611
32,1.0,1.0,-1.4315408,6.6942506,-2.6503234,-3.9361947
33,3.0,3.0,-2.1936922,-2.6586444,1.2985898,8.584202
34,2.0,2.0,-6.1790676,-0.17520092,11.443448,1.123927
35,2.0,2.0,-4.8578677,-0.8534969,9.741273,1.5747895
36,2.0,2.0,-5.8309608,-0.24741481,10.876032,1.1564115
37,3.0,3.0,-2.639484,-3.4460933,1.3785164,11.062663
38,3.0,3.0,-2.7341075,-3.537775,1.432935,11.340566
39,3.0,3.0,-2.5177336,-3.1333292,1.3941008,10.045796
40,2.0,2.0,-5.8634577,-0.5824232,11.417454,1.3729223
41,1.0,1.0,-1.5834516,5.948214,-2.0806446,-3.4585538
42,3.0,3.0,-2.6555514,-3.4328296,1.4192272,10.990771
43,0.0,0.0,12.14868,0.820518,-1.6989048,-0.42462426
44,2.0,2.0,-4.9528933,-0.43320727,9.484534,1.2105038
45,0.0,0.0,9.339865,0.7080499,-1.388094,-0.36291462
46,3.0,3.0,-2.367186,-2.9111457,1.3120257,9.361254
47,0.0,0.0,13.363425,0.7690084,-1.5541012,-0.37791687
48,1.0,1.0,-1.7824186,7.364099,-2.7692912,-4.322537
49,2.0,2.0,-4.654928,-0.5375198,9.091536,1.2270713
50,3.0,3.0,-2.4651494,-3.092497,1.3705701,9.87984
51,2.0,2.0,-6.0831103,0.0076791197,10.976325,0.9718419
52,1.0,1.0,-2.205305,7.8124394,-2.6645303,-4.556024
53,2.0,2.0,-4.3865905,-1.182372,8.985384,1.984054
54,3.0,3.0,-2.5671825,-3.2171705,1.3987968,10.318136
55,3.0,3.0,-2.4314122,-2.5880992,1.6410528,7.7853894
56,2.0,2.0,-5.7019897,-0.6691165,11.139536,1.4657912
57,2.0,2.0,-6.163446,-0.21377657,11.459051,1.159875
58,0.0,0.0,11.414423,1.1194029,-2.1213098,-0.75171214
59,2.0,2.0,-5.720634,-0.30374736,10.739799,1.1593622
60,3.0,3.0,-2.5471725,-3.2462647,1.3892424,10.356069
61,2.0,2.0,-5.1094804,-0.28854018,9.591986,1.0896991
62,1.0,1.0,-1.7334008,7.7552104,-3.050379,-4.584398
63,3.0,3.0,-2.4278307,-3.0137947,1.3882054,9.600907
64,2.0,2.0,-5.2989364,-0.8045861,10.604396,1.5042831
65,2.0,2.0,-4.3612237,-1.0313722,9.028697,1.6625842
66,2.0,2.0,-5.5307117,-0.5453282,10.767319,1.3075789
67,3.0,3.0,-2.4168253,-3.0846035,1.2917122,9.911064
68,2.0,2.0,-5.2358565,-0.6275819,10.279997,1.3446426
69,2.0,2.0,-6.0056186,-0.38793087,11.464119,1.2325637
70,2.0,2.0,-5.608114,-0.052842066,10.105389,1.0329719
71,2.0,2.0,-5.0993743,-0.31594658,9.546299,1.123963
72,2.0,2.0,-5.3730297,-0.72341657,10.651665,1.4281571
73,2.0,2.0,-5.7719045,-0.65244997,11.329787,1.4210268
74,3.0,3.0,-2.5500655,-3.251204,1.3629599,10.40884
75,0.0,0.0,13.358323,0.71137285,-1.422298,-0.29810816
76,1.0,1.0,-2.2044187,6.504761,-1.8735933,-3.7209415
77,2.0,2.0,-5.2692432,-0.44459885,10.104361,1.2452136
78,3.0,3.0,-2.3545518,-2.6283915,1.4841421,8.204901
79,2.0,2.0,-5.156546,-0.46935505,9.811301,1.295161
80,2.0,2.0,-5.621126,-0.6198771,10.994097,1.366899
81,0.0,0.0,12.372152,0.75622207,-1.5156718,-0.3939889
82,3.0,3.0,-2.6540065,-3.42641,1.3957574,10.990451
83,3.0,3.0,-2.5335116,-3.239614,1.3900087,10.343608
84,0.0,0.0,11.658785,0.8759421,-1.7140783,-0.5259331
85,1.0,1.0,0.22851169,5.648975,-3.3271565,-3.4837737
86,0.0,1.0,3.8308034,3.3456206,-3.805803,-2.434484
87,3.0,3.0,-2.454989,-3.1733184,1.284619,10.2016735
88,3.0,3.0,-2.6601887,-3.5043938,1.3705819,11.237056
89,2.0,2.0,-5.080753,-1.00147,10.43346,1.6295168
90,3.0,3.0,-2.3917327,-2.780813,1.4492303,8.806636
91,2.0,2.0,-6.0521708,-0.43984216,11.596267,1.280553
92,2.0,2.0,-4.1859975,-1.0967499,8.444395,1.9215409
93,2.0,2.0,-6.0233636,-0.21591268,11.164344,1.1503973
94,2.0,2.0,-5.541515,-0.55820227,10.855383,1.3077338
95,2.0,2.0,-6.3326974,0.037286416,11.380452,0.9757007
96,2.0,2.0,-5.8462634,-0.69976294,11.523907,1.4611987
97,0.0,0.0,9.523558,0.8196393,-1.5792778,-0.4544987
98,1.0,1.0,-1.7708006,6.6299596,-2.2965255,-3.8626
99,2.0,2.0,-5.0985956,-0.7511254,10.155142,1.4643555
100,1.0,1.0,1.9076657,4.6288195,-3.8456175,-3.0721192
101,0.0,0.0,11.473878,1.1048307,-2.1324804,-0.75382453
102,0.0,0.0,9.386795,0.8332176,-1.6770025,-0.51576453
103,2.0,2.0,-5.888153,-0.48966342,11.293387,1.3315351
104,0.0,0.0,8.309254,1.0317652,-1.8851906,-0.6860507
105,3.0,3.0,-2.5692453,-3.2734692,1.3911842,10.483953
106,3.0,3.0,-2.4740667,-3.0675216,1.3536339,9.874839
107,0.0,0.0,13.925513,0.7765449,-1.5648248,-0.35821277
108,2.0,2.0,-5.7059703,-0.25234914,10.648582,1.1277949
109,1.0,0.0,1.045608,5.4063754,-3.8829746,-3.512834
110,1.0,1.0,-1.3719784,4.652058,-1.4691336,-2.647631
111,2.0,2.0,-5.7671714,-0.61350393,11.315851,1.3837867
112,0.0,0.0,12.09568,0.9245194,-1.8380439,-0.5552085
113,0.0,0.0,6.2764306,1.1466049,-1.9709634,-0.7587244
114,1.0,1.0,-1.581828,7.2527595,-2.8747177,-4.271251
115,0.0,0.0,7.4370394,1.2892463,-2.185118,-0.83215874
116,1.0,1.0,-2.1477757,7.713607,-2.6335247,-4.486805
117,2.0,2.0,-5.819884,-0.66996366,11.419682,1.4565119
118,2.0,2.0,-6.003865,-0.6181619,11.740461,1.4048518
119,3.0,3.0,-2.6495342,-3.3925183,1.4217446,10.858788
120,3.0,3.0,-2.6545167,-3.4316304,1.4160185,10.979756
121,2.0,2.0,-5.2427917,-0.8136911,10.531431,1.5077913
122,1.0,1.0,2.360032,3.3154829,-3.1974452,-2.3143022
123,1.0,1.0,0.39980757,5.8088574,-3.5564327,-3.6427271
124,2.0,2.0,-4.3213167,-0.86333764,8.687278,1.5587575
125,3.0,3.0,-2.632689,-3.380572,1.3623372,10.876498
126,2.0,2.0,-4.167237,-1.1895543,8.50081,2.0175347
127,2.0,2.0,-4.1103096,-1.2868396,8.303798,2.2199588
128,0.0,0.0,11.99101,0.88930345,-1.7427235,-0.5520249
129,3.0,3.0,-2.5476227,-3.2488937,1.3684518,10.3885355
130,3.0,3.0,-2.5874953,-3.2390087,1.388246,10.429614
131,1.0,1.0,-1.4742333,7.869448,-3.2851558,-4.669851
132,3.0,3.0,-2.6331892,-3.3489964,1.3797287,10.792216
133,2.0,2.0,-5.6651855,-0.67604953,11.2061,1.4073013
134,2.0,2.0,-6.0903926,-0.09036063,11.073013,1.1040833
135,0.0,0.0,12.147525,0.58463407,-1.179803,-0.18121414
136,1.0,1.0,1.49819,3.3611076,-2.7323635,-2.258457
137,2.0,2.0,-4.5282764,-0.8041552,9.19356,1.3908806
138,0.0,0.0,5.2510037,1.5569867,-2.5070217,-1.0413553
139,2.0,2.0,-5.585501,0.32098818,9.59918,0.7275453
140,3.0,3.0,-2.5441556,-3.2196672,1.4013771,10.277901
141,1.0,1.0,-1.5489861,7.2024407,-2.8342445,-4.21789
142,2.0,2.0,-4.7823877,-1.1119549,9.830772,1.8230761
143,0.0,0.0,10.031731,1.4904302,-2.581177,-1.0155032
144,3.0,3.0,-2.4562173,-3.0605886,1.3812937,9.769354
145,2.0,2.0,-5.379065,-0.8316237,10.811979,1.5170574
146,1.0,1.0,-1.4294653,8.225255,-3.5152807,-4.8676896
147,2.0,2.0,-5.538176,-0.71084034,10.976425,1.4695213
148,3.0,3.0,-2.765686,-3.5661297,1.4441289,11.4493885
149,2.0,2.0,-5.313812,-0.67402506,10.511182,1.368255
150,1.0,1.0,0.028202057,6.5902085,-3.700597,-4.066443
151,1.0,1.0,-1.7300073,7.272145,-2.743996,-4.267739
152,3.0,3.0,-2.4550414,-3.0350997,1.3528473,9.731863
153,2.0,2.0,-5.385218,-0.6255987,10.5644,1.3509539
154,0.0,0.0,10.318119,0.7108479,-1.4351044,-0.31226832
155,2.0,2.0,-5.9222193,0.29915923,10.22663,0.7396688
156,1.0,1.0,-1.6648654,5.2757335,-1.637082,-3.048063
157,2.0,2.0,-5.7613263,-0.50399405,11.0889015,1.310092
158,2.0,2.0,-4.5497127,-0.99355376,9.315607,1.6631306
159,2.0,2.0,-6.052764,0.0747384,10.757769,0.95947367
160,3.0,3.0,-2.471919,-3.0156724,1.4430491,9.6089
161,2.0,2.0,-4.177749,-1.1399647,8.271627,2.0898626
162,2.0,2.0,-5.4102483,0.07596178,9.483368,0.9135682
163,0.0,0.0,11.604378,0.7736523,-1.522307,-0.4134143
164,2.0,2.0,-5.9207177,-0.4008386,11.276342,1.2390671
165,3.0,3.0,-2.5452476,-3.2028124,1.376564,10.267098
166,2.0,2.0,-5.3948655,-0.675594,10.666713,1.4100754
167,0.0,0.0,10.237435,0.7436682,-1.4592375,-0.34823018
168,2.0,2.0,-5.006187,-0.3458832,9.495398,1.137828
169,1.0,1.0,-2.6294312,7.6685376,-2.2104807,-4.4008555
170,1.0,1.0,-0.8238537,7.0039372,-3.3091917,-4.1714945
171,1.0,1.0,-1.644199,7.3963017,-2.8658788,-4.339152
172,2.0,2.0,-6.0944963,-0.07551323,11.188482,0.99216425
173,2.0,2.0,-3.6216555,-1.5585717,6.910278,2.841169
174,3.0,2.0,-2.780994,-2.3396018,3.3869104,5.354452
175,0.0,0.0,10.905982,1.0397152,-1.9953686,-0.68783814
176,0.0,0.0,11.137093,0.79771185,-1.5927325,-0.44531232
177,2.0,2.0,-5.0727487,-0.48268056,9.751089,1.2685155
178,2.0,2.0,-5.3532085,-0.10709117,9.839693,0.9806066
179,3.0,3.0,-2.6170297,-3.3288696,1.4084615,10.680785
180,3.0,3.0,-2.377499,-2.890375,1.3914682,9.213726
181,2.0,2.0,-5.517058,-0.077847704,9.92733,1.0497833
182,2.0,2.0,-5.788139,-0.10332881,10.605209,1.0297422
183,1.0,0.0,1.3487676,3.0172775,-2.242636,-2.0156555
184,3.0,3.0,-2.573484,-3.2000754,1.426908,10.221017
185,1.0,1.0,-1.564377,8.108408,-3.363343,-4.7840533
186,0.0,0.0,12.938873,0.7658125,-1.5230128,-0.386257
187,2.0,2.0,-6.1691446,-0.37730938,11.719359,1.2458525
188,1.0,1.0,-2.0861654,7.174051,-2.3867078,-4.1526084
189,2.0,2.0,-5.6258054,-0.73935294,11.196562,1.4654105
190,2.0,2.0,-4.8784924,-0.8436104,9.863663,1.4992406
191,0.0,0.0,7.726415,0.9231028,-1.6710107,-0.6006282
192,2.0,2.0,-5.000579,-0.66261405,9.86315,1.4085108
193,1.0,1.0,-1.3142926,7.114981,-3.0106304,-4.227563
194,0.0,0.0,13.072923,0.7935414,-1.5630376,-0.39093214
195,1.0,1.0,-1.9159902,8.547208,-3.3362036,-5.029999
196,2.0,2.0,-5.942634,-0.25817418,11.045515,1.1630762
197,1.0,1.0,-2.1589618,7.384052,-2.4397984,-4.299088
198,3.0,3.0,-2.6023707,-3.3237913,1.3544948,10.680804
199,1.0,1.0,-0.80443716,7.320399,-3.5224442,-4.3929634
200,2.0,2.0,-5.4504037,-0.65481025,10.722609,1.3871906
201,2.0,2.0,-6.0676017,-0.3823982,11.56265,1.2484436
202,3.0,3.0,-2.6346831,-3.421151,1.3657148,10.981584
203,1.0,1.0,-1.4003829,7.5167413,-3.173957,-4.4562163
204,0.0,0.0,12.191745,0.5999808,-1.1972871,-0.21305971
205,2.0,2.0,-5.480059,-0.41209292,10.426493,1.2419204
206,1.0,1.0,-0.25029647,3.7555926,-1.8067966,-2.197749
207,3.0,3.0,-2.351397,-2.9385464,1.297762,9.463939
208,2.0,2.0,-4.668279,-0.8252917,9.295649,1.5600555
209,1.0,1.0,-1.5900015,8.402646,-3.5191755,-4.9841704
210,0.0,0.0,11.074923,0.6976158,-1.3757424,-0.34711653
211,0.0,0.0,12.361132,0.75732124,-1.4850898,-0.38774592
212,2.0,2.0,-5.156611,-0.710274,10.296661,1.3900279
213,2.0,2.0,-5.729696,-0.4844175,11.10791,1.2613857
214,3.0,3.0,-2.5208492,-3.1873238,1.3725127,10.216462
215,2.0,2.0,-5.9719987,-0.351358,11.255173,1.2112479
216,2.0,2.0,-4.6773677,1.102037,6.882348,0.028325746
217,2.0,2.0,-5.546289,-0.23185699,10.325131,1.0893981
218,1.0,1.0,-2.0122075,8.325957,-3.1514769,-4.887577
219,0.0,0.0,12.476893,0.8217481,-1.6581185,-0.4610384
220,2.0,2.0,-5.870793,0.058016017,10.469697,0.9235537
221,3.0,3.0,-2.5985355,-3.3660543,1.3754997,10.81388
222,1.0,1.0,-1.2910283,8.040668,-3.5485034,-4.785791
223,2.0,2.0,-6.08354,-0.33399272,11.48032,1.2287114
224,2.0,2.0,-5.683085,-0.7568682,11.324149,1.4774859
225,2.0,2.0,-5.580734,-0.43745273,10.746941,1.2392149
226,2.0,2.0,-5.188659,-0.88868415,10.571669,1.5193571
227,2.0,2.0,-5.691668,-0.52518594,11.074151,1.2936795
228,3.0,3.0,-2.581149,-3.2848785,1.3841416,10.5171795
229,2.0,2.0,-5.641834,-0.61325467,11.067234,1.3628225
230,1.0,1.0,-2.2350945,7.1769495,-2.2611747,-4.1398864
231,2.0,2.0,-5.668956,-0.8086914,11.327902,1.5217968
232,2.0,2.0,-5.2102165,-0.7950776,10.429472,1.4817619
233,0.0,0.0,11.043066,1.0606835,-2.0213172,-0.72085816
234,2.0,2.0,-5.212773,-0.92426836,10.582315,1.590313
235,1.0,1.0,-2.2460022,7.7637925,-2.6008854,-4.502126
236,3.0,3.0,-2.5576844,-3.2319384,1.3903339,10.347178
237,2.0,2.0,-4.558618,-1.0658686,9.301273,1.8193665
238,2.0,2.0,-5.3386874,-0.86981386,10.820058,1.5213315
239,3.0,3.0,-2.674643,-3.5019217,1.4045082,11.218624
240,3.0,3.0,-2.5752091,-3.2360995,1.4047387,10.373492
241,2.0,2.0,-5.655935,0.4070692,9.626358,0.6877094
242,0.0,0.0,8.935178,1.4507345,-2.6239815,-0.99084336
243,1.0,1.0,-1.4188174,8.239082,-3.5605783,-4.90108
244,0.0,0.0,11.825439,0.889887,-1.7675802,-0.53118306
245,2.0,2.0,-6.098575,0.19011702,10.683603,0.83067304
246,0.0,0.0,10.432484,0.7829886,-1.5470179,-0.3980413
247,0.0,0.0,7.748389,1.196472,-2.0674677,-0.7864235
248,1.0,1.0,-2.3755937,7.4329314,-2.269184,-4.2824426
249,1.0,1.0,-1.5909387,7.899114,-3.2317548,-4.6681795
250,0.0,0.0,12.840609,1.1696519,-2.265947,-0.7882679
251,1.0,1.0,-1.3629178,6.166552,-2.371547,-3.586508
252,2.0,2.0,-5.710685,-0.46181047,10.914834,1.3126339
253,0.0,0.0,9.096267,0.8836181,-1.6736742,-0.58003765
254,2.0,2.0,-5.54794,-0.5696802,10.786936,1.3601851
255,2.0,2.0,-5.650884,-0.6217529,11.073915,1.3882396
256,1.0,1.0,-1.097676,5.2533774,-2.0657432,-3.0659437
257,2.0,2.0,-5.3809876,-0.012006268,9.559778,0.9898649
258,0.0,0.0,11.056766,0.97774005,-1.9156474,-0.6516784
259,1.0,1.0,-1.999453,8.345256,-3.1620865,-4.90526
260,0.0,0.0,9.872894,0.4138534,-0.8550619,-0.010973504
261,0.0,0.0,11.814941,0.7653057,-1.5168327,-0.39628297
262,3.0,3.0,-2.5958252,-3.353568,1.3971535,10.731228
263,0.0,0.0,11.62728,0.8030312,-1.5851109,-0.46241528
264,1.0,1.0,-1.7551277,6.110183,-2.0491033,-3.5424323
265,1.0,1.0,-2.5465446,8.330516,-2.6908054,-4.8371882
266,2.0,2.0,-5.422624,-0.491521,10.467478,1.2826701
267,2.0,2.0,-6.4780374,0.72192657,10.574812,0.56168896
268,1.0,1.0,-1.4124386,6.3413434,-2.445469,-3.693708
269,0.0,0.0,4.4814944,2.7829587,-3.4887245,-2.0175884
270,1.0,1.0,-1.2669783,6.940437,-2.9121506,-4.1049666
271,0.0,0.0,10.728568,1.0492969,-2.0111504,-0.7205456
272,1.0,1.0,-1.4044079,6.735257,-2.693141,-3.9697924
273,2.0,2.0,-3.7740002,-1.3915974,7.3830056,2.5169058
274,2.0,2.0,-6.420386,0.9057941,10.1147,0.4388334
275,2.0,2.0,-4.9758945,-0.9034461,10.1292715,1.548471
276,2.0,2.0,-5.211677,-0.8342604,10.493902,1.4852889
277,1.0,1.0,-0.7675281,7.3504295,-3.5365076,-4.413902
278,3.0,3.0,-2.7191458,-3.490857,1.4447428,11.18491
279,2.0,2.0,-5.4249587,-0.6970505,10.7288,1.4170594
280,0.0,0.0,13.250178,0.74936736,-1.5125195,-0.33574635
281,0.0,0.0,10.895561,0.62010044,-1.2286983,-0.23823313
282,1.0,1.0,-1.0234109,6.4177327,-2.8062396,-3.7935202
283,1.0,1.0,-1.8878034,8.214919,-3.1522396,-4.8148136
284,2.0,2.0,-6.0964694,-0.40183127,11.603932,1.272013
285,0.0,0.0,11.507749,0.6673721,-1.3581978,-0.27305728
286,0.0,0.0,4.4962406,2.299919,-3.0418224,-1.6276436
287,3.0,3.0,-2.6464248,-3.423074,1.3975533,10.974463
288,2.0,2.0,-5.3590784,-0.711153,10.64783,1.4066684
289,3.0,3.0,-2.580113,-3.277344,1.3920041,10.503055
290,2.0,2.0,-5.4787574,-0.48101282,10.511572,1.293097
291,3.0,3.0,-2.6020174,-3.2813864,1.3892045,10.55921
292,1.0,1.0,-1.4887756,8.231278,-3.4886236,-4.8701177
293,1.0,1.0,-1.8738109,7.4278007,-2.7404082,-4.3535953
294,0.0,0.0,8.427883,0.32280672,-0.6436675,0.02721853
295,2.0,2.0,-5.440601,1.5976325,7.6620803,-0.19396965
296,2.0,2.0,-5.009395,-0.5689787,9.714011,1.3328462
297,2.0,2.0,-6.238475,-0.10117601,11.449062,1.0757191
298,1.0,1.0,-1.0660208,7.4267364,-3.3553452,-4.4181767
299,2.0,2.0,-5.7008977,-0.51744473,11.089701,1.3006479
300,2.0,2.0,-4.679846,-0.8305323,9.436013,1.4825389
301,1.0,1.0,-0.7346986,5.33172,-2.399212,-3.165692
302,2.0,2.0,-5.200548,-0.5499859,10.099141,1.3037572
303,3.0,3.0,-2.6741495,-3.4550846,1.417119,11.0510645
304,2.0,2.0,-4.27593,-0.53168243,8.391218,1.1699411
305,2.0,2.0,-4.8475833,-1.0355244,9.970757,1.6986858
306,0.0,0.0,13.029883,0.97912467,-1.9306915,-0.5598417
307,3.0,3.0,-2.6989732,-3.5137718,1.4129817,11.28297
308,1.0,1.0,-2.5115948,6.2220864,-1.4024374,-3.491288
309,2.0,2.0,-5.3737054,-0.59517527,10.574896,1.3302178
310,2.0,2.0,-5.287517,-0.3023526,9.90674,1.1665846
311,1.0,1.0,-1.7074339,7.7081823,-3.0359328,-4.5404367
312,2.0,2.0,-5.6346297,-0.5921326,11.009842,1.336132
313,2.0,2.0,-5.514054,-0.60801214,10.790062,1.3493693
314,3.0,3.0,-2.479167,-3.0698178,1.3713073,9.8394165
315,0.0,0.0,12.737688,0.9519994,-1.8957772,-0.59077364
316,3.0,3.0,-2.5895934,-3.3070996,1.4024429,10.5710535
317,1.0,1.0,-1.291383,7.010262,-2.9594588,-4.1614614
318,3.0,3.0,-2.6530929,-3.4376223,1.3926696,11.00981
319,0.0,0.0,8.523657,1.1227107,-2.0067663,-0.7252627
320,0.0,0.0,12.32629,0.874963,-1.7391337,-0.49741513
321,1.0,1.0,-1.9017016,7.083924,-2.4898868,-4.125979
322,3.0,3.0,-2.5488997,-3.2767708,1.3684787,10.51297
323,3.0,3.0,-2.412199,-2.792632,1.4892006,8.764664
324,1.0,1.0,-1.2427382,6.317072,-2.5578628,-3.6920242
325,2.0,2.0,-4.4582915,-1.0456718,9.106723,1.7697313
326,3.0,3.0,-2.5277581,-3.1701353,1.3739967,10.172973
327,3.0,3.0,-2.7395554,-3.4784825,1.4299294,11.172581
328,2.0,2.0,-5.868212,-0.43861794,11.223505,1.2730855
329,1.0,1.0,-0.79703754,6.7330785,-3.116764,-3.9987285
330,2.0,2.0,-5.398635,-0.48417467,10.432766,1.2634137
331,3.0,3.0,-2.6191473,-3.3950746,1.3837729,10.894801
332,3.0,3.0,-2.6127977,-3.3825758,1.3838038,10.8432665
333,0.0,0.0,13.334597,0.763955,-1.538605,-0.37122017
334,1.0,1.0,-0.8962281,6.1251874,-2.7145298,-3.6293266
335,3.0,3.0,-2.3884258,-2.8729537,1.3734093,9.2379675
336,0.0,0.0,10.759098,0.5207322,-1.0558788,-0.09605103
337,1.0,1.0,-1.1456982,7.233214,-3.1694884,-4.286679
338,2.0,2.0,-5.3779945,-0.82055026,10.826359,1.5045154
339,0.0,0.0,13.821346,0.7622429,-1.5893002,-0.320211
340,3.0,3.0,-2.5170245,-3.151411,1.3806999,10.075997
341,2.0,2.0,-5.4226108,-0.71848077,10.778769,1.4227536
342,3.0,3.0,-2.5913677,-3.3250058,1.3412024,10.703219
343,3.0,3.0,-2.6378455,-3.351042,1.402365,10.789551
344,3.0,3.0,-2.5910077,-3.3233578,1.371372,10.6625185
345,3.0,3.0,-2.5207233,-2.6572657,1.7399287,7.8990293
346,0.0,0.0,9.142998,1.101578,-2.0326524,-0.6977132
347,3.0,3.0,-2.5920663,-3.3124077,1.3791904,10.635528
348,1.0,1.0,-0.9312432,7.275422,-3.3473887,-4.32924
349,2.0,2.0,-5.460835,-0.71327215,10.894161,1.4180938
350,2.0,2.0,-6.3090096,-0.12947689,11.574308,1.0864964
351,0.0,0.0,11.4163065,0.5634134,-1.1371524,-0.16229825
352,2.0,2.0,-5.65847,-0.28135586,10.587262,1.161665
353,0.0,0.0,7.7275996,0.83995897,-1.5212876,-0.5311062
354,0.0,0.0,7.4406686,1.113591,-1.927607,-0.74820215
355,1.0,1.0,-1.1690212,6.936294,-2.985177,-4.1008987
356,1.0,1.0,-1.9160603,6.9445496,-2.3822544,-4.0336537
357,2.0,2.0,-5.5661798,-0.5322548,10.855098,1.2927547
358,2.0,2.0,-3.9848933,-1.4006594,7.872384,2.53965
359,2.0,2.0,-5.2979517,-0.221772,9.84188,1.1080735
360,0.0,0.0,10.248916,0.7481235,-1.492451,-0.43743545
361,2.0,2.0,-4.980012,-0.8989352,10.035007,1.6075671
362,2.0,2.0,-5.70278,-0.20696263,10.620741,1.0897743
363,0.0,0.0,10.289892,0.5607597,-1.1537616,-0.14432006
364,1.0,1.0,-0.9786335,6.601194,-2.9287117,-3.9133494
365,1.0,1.0,-1.5443872,6.9748883,-2.7387862,-4.1330237
366,2.0,2.0,-5.580157,-0.72034484,11.079107,1.4535683
367,0.0,0.0,12.223352,0.7722519,-1.5176978,-0.4007104
368,2.0,2.0,-5.807353,-0.54251206,11.235803,1.3418716
369,1.0,1.0,-1.6190583,6.7234683,-2.5236259,-3.9331353
370,3.0,3.0,-2.6510873,-3.441778,1.3892083,11.048039
371,3.0,3.0,-2.5426445,-3.2133183,1.3868402,10.27204
372,2.0,2.0,-6.126753,-0.3783871,11.641342,1.2494885
373,2.0,2.0,-6.030498,-0.39274466,11.465681,1.2507702
374,3.0,3.0,-2.4212732,-2.9633224,1.3850278,9.482181
375,0.0,0.0,4.4537473,2.606528,-3.402152,-1.883245
376,2.0,2.0,-4.376517,2.010632,5.675558,-0.55543196
377,1.0,1.0,-1.8517929,8.06206,-3.0764415,-4.7333636
378,1.0,1.0,-1.597874,7.6259956,-3.054959,-4.507846
379,2.0,2.0,-5.793893,-0.73868304,11.507568,1.4750049
380,1.0,1.0,-0.98649776,5.4225945,-2.2402697,-3.1792643
381,2.0,2.0,-5.0273347,-0.62724245,9.824272,1.3704523
382,1.0,1.0,-1.1513224,7.6841097,-3.416212,-4.5652504
383,2.0,2.0,-5.0933776,-0.83242327,10.342743,1.4700494
384,0.0,0.0,12.947043,0.7380498,-1.4817015,-0.3556016
385,0.0,0.0,11.817729,0.7661398,-1.5144616,-0.4220782
386,1.0,1.0,-0.43607402,7.3473077,-3.8052928,-4.467531
387,1.0,1.0,1.7921278,3.9371684,-3.282655,-2.6182895
388,3.0,3.0,-2.5473142,-3.2535655,1.3720114,10.442014
389,2.0,2.0,-5.8223166,-0.5430124,11.251157,1.380531
390,2.0,2.0,-4.847718,-1.0276226,10.001165,1.654494
391,1.0,1.0,-0.8162267,5.7067904,-2.4858387,-3.3813741
392,3.0,3.0,-2.3923945,-2.9269464,1.385532,9.342393
393,0.0,0.0,6.9713616,1.3142852,-2.2589107,-0.8688558
394,1.0,1.0,-0.5655072,6.8489304,-3.3560014,-4.1042943
395,2.0,2.0,-5.362714,-0.48671836,10.324833,1.2471038
396,1.0,1.0,-1.1941516,7.7943015,-3.4619098,-4.6297708
397,2.0,2.0,-5.7946305,-0.36092818,10.961454,1.2177222
398,2.0,2.0,-5.310185,-0.6805524,10.506563,1.389964
399,3.0,3.0,-2.4112144,-2.7937725,1.4584781,8.872803
400,3.0,3.0,-2.6832695,-3.4539886,1.4090606,11.060703
401,3.0,3.0,-0.18896708,-0.42172718,0.18636064,1.7065494
402,0.0,0.0,10.039198,0.7650504,-1.5100989,-0.44125372
403,1.0,1.0,-2.0053253,6.978662,-2.3817978,-4.0853176
404,0.0,0.0,8.319722,1.8144592,-3.0057888,-1.2149587
405,1.0,1.0,-0.60308444,6.6923223,-3.2805305,-4.000414
406,2.0,2.0,-5.9356,-0.5560802,11.534025,1.357474
407,2.0,2.0,-5.848216,-0.4955594,11.27968,1.2975345
408,2.0,2.0,-6.4373417,0.033656254,11.592579,1.0093406
409,0.0,0.0,12.086536,0.8423981,-1.6778696,-0.471999
410,3.0,3.0,-2.2636743,-2.9140263,1.2053695,9.347552
411,0.0,0.0,5.937447,2.390237,-3.4582403,-1.7275136
412,2.0,2.0,-5.5988507,-0.29365456,10.384077,1.2160754
413,1.0,1.0,-1.4694881,6.6212945,-2.5571814,-3.8795187
414,2.0,2.0,-5.5543323,-0.80331755,11.0254135,1.5435901
415,2.0,2.0,-5.9755263,-0.13123403,10.995578,1.0551395
416,0.0,0.0,8.66737,1.0500381,-1.9164417,-0.6279895
417,3.0,3.0,-2.3986564,-2.841585,1.4664457,8.971959
418,0.0,0.0,9.814303,0.41862798,-0.86825866,-0.012489727
419,3.0,3.0,-2.454287,-2.973387,1.4444789,9.536191
420,3.0,3.0,-2.4642487,-3.0466497,1.3943392,9.747426
421,2.0,2.0,-5.597059,-0.5535295,10.755377,1.3698134
422,1.0,1.0,-0.6386876,5.852779,-2.7480507,-3.469063
423,2.0,2.0,-5.553762,-0.63868535,10.890913,1.413151
424,0.0,0.0,8.079047,1.0311068,-1.9025859,-0.668148
425,3.0,3.0,-2.579691,-3.2845798,1.3678229,10.551654
426,2.0,2.0,-5.496224,-0.4775412,10.576746,1.2491114
427,2.0,2.0,-5.552007,-0.549085,10.762963,1.3358725
428,2.0,2.0,-4.54524,-1.1408955,9.31348,1.9141632
429,3.0,3.0,-2.70396,-3.4954865,1.4300967,11.199084
430,1.0,1.0,-1.7779921,7.3720593,-2.7601085,-4.3018827
431,0.0,0.0,9.538305,0.518019,-1.0423678,-0.14761166
432,0.0,0.0,10.135257,0.97556674,-1.9088795,-0.60531026
433,0.0,0.0,10.737135,0.673834,-1.3643851,-0.2860008
434,2.0,2.0,-5.541794,-0.8595121,11.140371,1.5595999
435,2.0,2.0,-5.728725,-0.38771206,10.900428,1.2160203
436,0.0,0.0,4.285433,1.1834975,-1.9139673,-0.7573287
437,2.0,2.0,-5.5247426,-0.7530547,11.007009,1.4816769
438,1.0,1.0,-1.2065446,4.984316,-1.845331,-2.910228
439,2.0,2.0,-5.7231097,-0.7379637,11.36745,1.4693419
440,3.0,3.0,-2.4890666,-3.1145947,1.3578258,10.005742
441,3.0,3.0,-2.7132258,-3.4999328,1.4266982,11.224301
442,0.0,0.0,9.231004,1.0981946,-2.0205288,-0.7579836
443,1.0,1.0,-1.4179587,8.191354,-3.5267386,-4.8658037
444,0.0,0.0,12.588577,0.70894635,-1.4255292,-0.33907658
445,1.0,1.0,-2.0008917,6.0919805,-1.797861,-3.4770727
446,0.0,0.0,7.3344293,1.3316927,-2.3531322,-0.8943029
447,3.0,3.0,-2.4790487,-3.0501447,1.3951889,9.78778
448,3.0,3.0,-2.6271772,-3.4025934,1.3963497,10.88268
449,2.0,2.0,-5.6493163,-0.7236874,11.230385,1.4401617
450,2.0,2.0,-6.5845456,0.49329412,11.177933,0.6747336
451,1.0,1.0,-1.7460533,8.522616,-3.4587064,-5.033507
452,2.0,2.0,-5.373381,0.16031952,9.417073,0.80422217
453,3.0,3.0,-2.6856909,-3.5104356,1.4011345,11.249848
454,2.0,2.0,-4.930303,-0.83098245,9.948294,1.4752675
455,3.0,3.0,-2.6892133,-3.5147436,1.4121325,11.259126
456,0.0,0.0,12.993131,0.8260439,-1.6288385,-0.45452172
457,1.0,1.0,-2.1409593,7.3740754,-2.4498234,-4.2815995
458,1.0,1.0,-1.9913827,8.00713,-2.9497786,-4.68685
459,1.0,1.0,-1.2594851,8.041877,-3.5715003,-4.7900295
460,3.0,3.0,-2.4063454,-2.973109,1.3593643,9.487889
461,0.0,0.0,8.751087,0.7159709,-1.399272,-0.34959382
462,1.0,1.0,-3.1855116,6.5127625,-0.80506164,-3.5530083
463,3.0,3.0,-2.7652001,-3.577408,1.4445862,11.466962
464,0.0,0.0,5.7692833,2.1922886,-3.300592,-1.563055
465,1.0,1.0,-0.54045063,7.1604877,-3.537354,-4.292434
466,1.0,1.0,-1.6434765,8.218532,-3.3474536,-4.85278
467,0.0,0.0,9.927594,0.74892753,-1.507556,-0.3485374
468,2.0,2.0,-5.4214826,1.5725144,7.629867,-0.1779209
469,1.0,1.0,-1.6740367,7.113074,-2.6711724,-4.149792
470,3.0,3.0,-2.6298842,-3.4295857,1.3890581,10.974433
471,2.0,2.0,-5.0843987,-0.77150315,10.186502,1.4530443
472,2.0,2.0,-5.716396,-0.53235316,11.023272,1.3431128
473,0.0,0.0,11.979819,0.8227907,-1.6385177,-0.50466377
474,2.0,2.0,-4.9516387,-0.96553314,10.0315075,1.6645482
475,2.0,2.0,-5.2673,-0.4068097,10.027815,1.2271419
476,3.0,3.0,-2.5639558,-3.2520974,1.3948932,10.387404
477,0.0,0.0,8.895012,0.32418054,-0.6584227,0.047818847
478,2.0,2.0,-5.602916,-0.66286516,11.075348,1.3903985
479,2.0,2.0,-5.307572,-0.4753241,10.173624,1.2889966
480,3.0,2.0,-2.822278,-2.4356585,3.2147775,5.772635
481,1.0,1.0,-2.038166,7.5526547,-2.627861,-4.388915
482,2.0,2.0,-5.3489943,-0.4336785,10.211241,1.2424262
483,3.0,3.0,-2.5677228,-3.265911,1.3787711,10.459452
484,1.0,1.0,1.10436,4.1953807,-3.1348577,-2.743851
485,1.0,0.0,0.90721697,3.6135387,-2.6438196,-2.3567624
486,2.0,2.0,-5.8873167,-0.5612138,11.414717,1.3575563
487,0.0,0.0,9.168103,0.738398,-1.4265475,-0.40668148
488,3.0,3.0,-2.690763,-3.5116868,1.4140319,11.259412
489,0.0,0.0,13.087153,0.6824708,-1.3687482,-0.30740553
490,3.0,3.0,-2.6075315,-3.3581533,1.3944148,10.737344
491,1.0,1.0,-1.0148574,6.207088,-2.7107983,-3.6766844
492,1.0,1.0,-1.9874498,8.043512,-2.9677978,-4.7109313
493,3.0,3.0,-2.0727372,-2.392512,1.2616295,7.659595
494,1.0,1.0,-1.0334438,6.260267,-2.7163198,-3.720248
495,2.0,2.0,-4.5873427,-1.0571014,9.407978,1.7336674
496,0.0,0.0,11.938825,0.55175513,-1.1047446,-0.17824368
497,2.0,2.0,-4.8381686,-0.19104986,8.815013,1.0759735
498,1.0,1.0,-1.9241878,8.849378,-3.494258,-5.210589
499,3.0,3.0,-2.3998652,-3.007675,1.3082309,9.675831
500,1.0,1.0,-1.5532726,7.924277,-3.2411895,-4.6745214
501,1.0,1.0,-0.69705594,6.5809436,-3.14451,-3.9263685
502,2.0,2.0,-6.316214,0.95775944,9.900694,0.39562857
503,2.0,2.0,-6.191746,0.016704932,11.1297655,1.0249896
504,0.0,0.0,6.3060455,1.125051,-1.8932673,-0.7421716
505,0.0,0.0,11.861828,0.67441404,-1.3279898,-0.2973693
506,2.0,2.0,-4.5436,-1.0902025,9.32069,1.8055851
507,2.0,2.0,-6.0686173,0.4921196,10.086706,0.6860643
508,2.0,2.0,-5.5998216,-0.60212165,10.98997,1.3530595
509,0.0,0.0,9.286659,1.307051,-2.28844,-0.8893154
510,2.0,2.0,-6.33678,0.2842983,11.03612,0.81694776
511,1.0,1.0,-0.37946498,5.7636,-2.9006343,-3.4729047
512,2.0,2.0,-5.389853,-0.27536482,10.061705,1.1323416
513,3.0,3.0,-2.6198473,-3.3639042,1.4014835,10.7903385
514,2.0,2.0,-4.8748055,-0.31245166,9.133329,1.1015916
515,2.0,2.0,-6.301241,-0.037538394,11.434979,1.0763847
516,1.0,1.0,-0.06860864,6.1249967,-3.3935766,-3.7520025
517,2.0,2.0,-5.5665307,-0.897066,11.239736,1.5922801
518,2.0,2.0,-6.190533,-0.079897985,11.294129,1.0620391
519,1.0,1.0,-1.0507108,7.8669763,-3.6080885,-4.6942058
520,3.0,3.0,-2.3617816,-2.8419006,1.3807051,9.096907
521,2.0,2.0,-4.746808,-1.0776855,9.755228,1.767966
522,1.0,1.0,-1.039453,5.6243424,-2.3418572,-3.3153358
523,3.0,3.0,-2.6652231,-3.4266307,1.3990471,10.999668
524,2.0,2.0,-4.757932,-0.9120616,9.734798,1.5176027
525,3.0,3.0,-2.5469308,-2.5412333,1.8502707,7.360721
526,3.0,3.0,-2.4526005,-3.0166104,1.389414,9.651483
527,3.0,3.0,-2.6576624,-3.4384515,1.3796264,11.054812
528,2.0,2.0,-4.724897,-0.9212916,9.589576,1.5727867
529,1.0,1.0,-1.4918166,8.292315,-3.5383358,-4.924745
530,0.0,0.0,9.9544735,0.8936308,-1.7209711,-0.5812524
531,0.0,0.0,9.695504,1.1246889,-2.072187,-0.7586139
532,3.0,3.0,-2.6041741,-3.3304513,1.3843597,10.689467
533,2.0,2.0,-4.4301696,-1.0269824,9.012644,1.7694616
534,2.0,2.0,-6.4167967,0.23177995,11.264571,0.86111873
535,0.0,0.0,11.277795,0.68797636,-1.3885767,-0.2724362
536,0.0,0.0,10.68239,0.78607357,-1.5979367,-0.4299417
537,0.0,0.0,8.850606,1.6061338,-2.7590444,-1.104711
538,3.0,3.0,-2.4045634,-2.8889382,1.4455426,9.143825
539,0.0,0.0,10.820471,1.0059454,-1.9077435,-0.65072685
540,0.0,0.0,9.404911,0.45475763,-0.9101034,-0.07047098
541,2.0,2.0,-4.945515,-0.8815583,10.046667,1.5242457
542,2.0,2.0,-5.6652875,-0.73326343,11.2362,1.4686021
543,2.0,2.0,-5.5530925,-0.7779159,11.105867,1.4920865
544,3.0,3.0,-2.4821916,-3.0320885,1.4238255,9.717887
545,1.0,1.0,-2.151761,8.908137,-3.3423843,-5.2235723
546,1.0,1.0,-1.3474926,6.693688,-2.7386918,-3.9573572
547,0.0,0.0,13.140933,0.68702596,-1.4044024,-0.2794028
548,3.0,3.0,-2.6106954,-3.3267045,1.4048946,10.656266
549,0.0,0.0,12.720028,0.73924327,-1.4937907,-0.339665
550,3.0,3.0,-2.597951,-3.3492954,1.3984847,10.699962
551,3.0,3.0,-2.390647,-3.1284263,1.253102,10.043755
552,0.0,0.0,8.350063,1.0043128,-1.7843646,-0.62539536
553,2.0,2.0,-6.5353274,0.45389366,11.139357,0.7334117
554,3.0,3.0,-2.4568934,-3.0513062,1.3644216,9.7726965
555,2.0,2.0,-6.415974,0.5499454,10.6590805,0.68260765
556,2.0,2.0,-5.0156407,-0.9471592,10.292854,1.5571244
557,2.0,2.0,-6.0357776,-0.35573524,11.462299,1.2077305
558,0.0,0.0,10.520458,0.6127952,-1.1764228,-0.25836164
559,2.0,2.0,-5.5496283,-0.0403118,9.996888,1.0004538
560,2.0,2.0,-5.8341784,-0.43500924,11.125713,1.3008218
561,0.0,0.0,9.517872,1.3514413,-2.3266861,-0.9185067
562,3.0,3.0,-2.668919,-3.4497716,1.427357,11.044447
563,2.0,2.0,-5.984656,-0.6848762,11.74869,1.4769257
564,2.0,2.0,-5.819532,-0.49679583,11.168531,1.340027
565,2.0,2.0,-5.898622,0.1284795,10.406694,0.8955172
566,2.0,2.0,-6.2452984,-0.34432054,11.754244,1.266494
567,2.0,2.0,-6.0719075,-0.20975839,11.302939,1.1408132
568,3.0,3.0,-2.6316404,-3.3692539,1.3823475,10.826386
569,2.0,2.0,-5.638778,-0.68737996,11.147052,1.4251001
570,3.0,3.0,-2.458239,-3.1684926,1.2911792,10.176759
571,3.0,3.0,-2.7009225,-3.5330517,1.409073,11.32171
572,0.0,0.0,12.399006,0.82600653,-1.6783246,-0.4397958
573,3.0,3.0,-2.4457803,-2.7883084,1.5317463,8.69384
574,1.0,1.0,-1.5033945,6.136744,-2.2529402,-3.5523312
575,2.0,2.0,-5.84657,-0.06849091,10.660126,0.98684394
576,1.0,1.0,0.39575619,3.7698762,-2.3954785,-2.355596
577,0.0,0.0,14.5960655,0.67597497,-1.3684546,-0.23633127
578,0.0,0.0,12.744182,0.8726174,-1.7184601,-0.46585828
579,0.0,0.0,13.85458,0.7494613,-1.5081087,-0.34746844
580,0.0,0.0,10.271948,0.7312805,-1.443331,-0.39978057
581,2.0,2.0,-4.871307,-0.73357916,9.752989,1.3938876
582,0.0,0.0,6.3774056,1.8303012,-2.869563,-1.2264233
583,1.0,1.0,-1.371142,7.0056453,-2.878444,-4.1320896
584,0.0,0.0,12.075584,0.67021054,-1.3404027,-0.30780202
585,0.0,0.0,11.560577,0.58071715,-1.1612029,-0.18967013
586,3.0,3.0,-2.5577111,-3.2522652,1.3572915,10.459497
587,1.0,1.0,-1.3874689,7.027434,-2.8776667,-4.1389
588,0.0,0.0,13.0380335,0.70687515,-1.421593,-0.31632382
589,3.0,3.0,-2.5664492,-3.2500234,1.3703382,10.426773
590,1.0,1.0,-0.5228641,7.396971,-3.7567675,-4.4842343
591,2.0,2.0,-5.9778385,-0.46164298,11.441971,1.3121339
592,0.0,0.0,11.359065,0.8715108,-1.7433192,-0.4817863
593,1.0,1.0,-1.2512468,6.4067674,-2.5946655,-3.7733996
594,1.0,1.0,-1.22041,8.512816,-3.8693132,-5.0913997
595,0.0,0.0,10.594261,0.8754005,-1.674589,-0.49265248
596,2.0,2.0,-5.782968,0.47272182,9.672555,0.62758607
597,0.0,0.0,9.622713,1.6045009,-2.7833683,-1.0942123
598,2.0,2.0,-6.5898285,0.58428943,11.000511,0.6617326
599,0.0,0.0,11.82458,0.59070176,-1.1803856,-0.20017771
600,0.0,0.0,13.517604,0.8003483,-1.6397114,-0.43075448
601,1.0,1.0,-0.771169,5.985954,-2.7399764,-3.5671186
602,2.0,2.0,-5.603049,-0.6156183,11.020034,1.3731
603,1.0,1.0,-1.1949693,7.4830995,-3.2842164,-4.4325137
604,3.0,3.0,-2.4372363,-2.9907467,1.398515,9.583158
605,1.0,1.0,-1.7616268,7.3666215,-2.8010986,-4.3293877
606,3.0,3.0,-2.5518541,-3.2064552,1.400589,10.245263
607,2.0,2.0,-4.810461,-0.8349025,9.702011,1.4800401
608,1.0,1.0,-1.8708634,7.2927227,-2.6142201,-4.2359333
609,2.0,2.0,-6.0037513,0.6361905,9.674973,0.5947028
610,3.0,3.0,-2.506568,-3.1588578,1.3760566,10.101745
611,0.0,0.0,10.125843,0.922698,-1.7660693,-0.6178935
612,2.0,2.0,-5.739045,-0.68665123,11.304284,1.4548272
613,0.0,0.0,11.538725,0.665052,-1.3140206,-0.30388957
614,2.0,3.0,-3.727862,-1.773719,6.7867765,3.4168859
615,0.0,0.0,10.519375,0.84870285,-1.6802304,-0.4785338
616,2.0,2.0,-5.851151,-0.631977,11.470688,1.4169015
617,2.0,2.0,-5.5643706,-0.5949034,10.841385,1.3912127
618,2.0,2.0,-5.520058,-0.78128135,11.055603,1.4864954
619,3.0,3.0,-2.6446338,-3.4082391,1.3981392,10.901282
620,2.0,2.0,-5.6001954,-0.38417,10.670296,1.2162247
621,2.0,2.0,-4.9911904,-0.9863248,10.138115,1.6913935
622,2.0,2.0,-5.473292,-0.79340196,10.943445,1.518803
623,2.0,2.0,-6.302661,0.02281095,11.355938,0.97561365
624,1.0,1.0,-2.089188,7.412023,-2.5131965,-4.312901
625,3.0,3.0,-2.6421504,-3.418689,1.3868653,10.962174
626,3.0,3.0,-2.686779,-3.4513667,1.4040246,11.092556
627,3.0,3.0,-2.5144124,-3.0624218,1.4562448,9.800845
628,2.0,2.0,-4.7189746,-0.8104935,9.458172,1.4919927
629,2.0,2.0,-6.2577667,0.5875471,10.435939,0.6511733
630,3.0,3.0,-2.673851,-3.432885,1.4077048,11.02473
631,2.0,2.0,-6.028315,-0.39781076,11.46493,1.2539359
632,3.0,3.0,-2.4466214,-2.960202,1.4115617,9.477666
633,0.0,0.0,10.285606,0.45943922,-0.9511174,-0.028092196
634,0.0,0.0,10.079074,0.5520275,-1.1128024,-0.18072395
635,2.0,2.0,-5.520885,-0.7798689,11.040707,1.4816856
636,2.0,2.0,-6.024938,-0.5563316,11.708476,1.3690225
637,1.0,1.0,-1.7021084,7.878448,-3.1024997,-4.650944
638,0.0,0.0,10.67065,1.10151,-2.0594358,-0.6790479
639,2.0,2.0,-5.0616126,-0.85905933,10.235579,1.5269872
640,1.0,1.0,-2.3141632,7.6174192,-2.4423857,-4.4154725
641,0.0,0.0,10.513196,0.8006789,-1.5595077,-0.49257785
642,1.0,1.0,-0.96730816,7.751758,-3.5885952,-4.6307774
643,0.0,0.0,12.522267,0.6747199,-1.3698708,-0.2906099
644,1.0,1.0,-0.33086526,7.236277,-3.8416402,-4.4204545
645,2.0,2.0,-5.472357,0.1484902,9.560989,0.86052585
646,2.0,2.0,-5.7241635,-0.58137923,11.206352,1.3421633
647,1.0,1.0,-2.64184,8.351413,-2.6186285,-4.834153
648,1.0,1.0,-1.584,8.414387,-3.526054,-4.9875236
649,1.0,1.0,-1.1914135,6.962369,-2.965141,-4.100911
650,3.0,3.0,-2.3729377,-3.0942328,1.243607,9.941951
651,1.0,1.0,-2.3830948,8.049843,-2.6399367,-4.6816106
652,1.0,1.0,-2.1962214,8.441448,-3.0395608,-4.9363832
653,2.0,2.0,-5.8480754,0.24819632,10.173475,0.78843015
654,3.0,3.0,-2.4318724,-2.9595678,1.4113786,9.472556
655,2.0,2.0,-6.074449,-0.5167495,11.719947,1.3425372
656,0.0,0.0,8.449066,1.4106606,-2.477797,-0.95602053
657,2.0,2.0,-6.301397,-0.07139753,11.470463,1.0838933
658,2.0,2.0,-4.950943,-0.39196712,9.363102,1.1638473
659,2.0,2.0,-5.4635944,0.003015235,9.914341,0.9200527
660,3.0,3.0,-2.3664622,-2.8743,1.35739,9.201838
661,2.0,2.0,-5.3681235,-0.7256167,10.698999,1.4270968
662,2.0,2.0,-4.3272586,-1.0571159,8.666223,1.940898
663,2.0,2.0,-5.7174544,0.60345674,9.389069,0.5514611
664,0.0,0.0,9.863233,0.95842415,-1.8298169,-0.6429916
665,1.0,1.0,-0.8120087,5.9061294,-2.6832461,-3.5095751
666,0.0,0.0,12.857801,0.781628,-1.5707154,-0.3831759
667,0.0,0.0,6.4008193,1.6149313,-2.663903,-1.0558387
668,0.0,0.0,9.44573,1.1754245,-2.1535518,-0.73887926
669,1.0,1.0,-1.8758976,7.8391833,-2.9508572,-4.6013303
670,0.0,0.0,12.39858,0.8135044,-1.651259,-0.4154306
671,0.0,0.0,11.305251,0.7143751,-1.45211,-0.31617028
672,3.0,3.0,-2.5785232,-3.2885165,1.3792095,10.540981
673,0.0,0.0,8.389229,1.3201944,-2.3317919,-0.910793
674,2.0,2.0,-5.715969,-0.4026807,10.8287945,1.261246
675,0.0,0.0,7.483372,0.3801399,-0.7301395,-0.04422968
676,1.0,1.0,-1.6906903,7.515884,-2.890303,-4.395866
677,3.0,3.0,-2.5717874,-3.2764864,1.4004462,10.472707
678,2.0,2.0,-5.6499157,-0.70653,11.19046,1.4429793
679,1.0,1.0,-2.4087567,8.288738,-2.766737,-4.827365
680,2.0,2.0,-5.855548,-0.44722396,11.1928215,1.285403
681,1.0,1.0,-2.4624748,8.371049,-2.8184428,-4.8906837
682,1.0,1.0,-2.1226683,8.687179,-3.2490482,-5.115128
683,1.0,1.0,-2.0247636,7.7821574,-2.8118124,-4.5579987
684,3.0,3.0,-2.542377,-3.1903174,1.3691889,10.245866
685,0.0,0.0,8.938665,0.8487769,-1.5849886,-0.48849088
686,2.0,2.0,-5.623171,0.042932227,10.130243,0.8669439
687,1.0,1.0,-2.035544,7.342975,-2.5258648,-4.2793875
688,2.0,2.0,-5.944908,0.7181284,9.463541,0.5464948
689,1.0,1.0,-1.3752884,6.7243695,-2.6928942,-3.9615452
690,2.0,2.0,-5.615924,-0.49323058,10.806329,1.312939
691,1.0,1.0,-1.8258971,6.984324,-2.5138807,-4.091274
692,0.0,0.0,13.012087,0.6655121,-1.3261625,-0.25773412
693,3.0,3.0,-2.5236268,-3.2984972,1.3429493,10.568797
694,0.0,0.0,10.917778,0.7974839,-1.5861162,-0.48246747
695,1.0,1.0,-0.144,4.052442,-2.073428,-2.425675
696,0.0,0.0,12.766753,0.69085807,-1.3594205,-0.3273757
697,2.0,2.0,-4.9065843,-0.7612817,9.8154125,1.4383879
698,0.0,0.0,13.369122,0.7087752,-1.4539216,-0.29733855
699,3.0,3.0,-2.4016314,-2.7066085,1.5459046,8.314513
700,2.0,2.0,-4.1676164,-1.2858084,8.356205,2.2409596
701,1.0,1.0,-1.7555183,6.990854,-2.5884461,-4.091842
702,3.0,3.0,-2.5738707,-3.2873194,1.3459529,10.56218
703,2.0,2.0,-5.495988,-0.56036323,10.684994,1.3160458
704,2.0,2.0,-4.261902,-1.035734,8.463009,1.9487271
705,1.0,1.0,-1.834849,7.7396812,-2.917605,-4.543836
706,2.0,2.0,-5.881134,-0.47062862,11.266342,1.301028
707,2.0,2.0,-4.93934,-0.9455415,10.141255,1.5490534
708,2.0,2.0,-5.454513,-0.7569327,10.916676,1.4484451
709,0.0,0.0,11.3266945,0.8622381,-1.7169647,-0.4806128
710,2.0,2.0,-5.8690658,-0.44666833,11.2820635,1.2787496
711,0.0,0.0,11.728998,0.84441423,-1.6948993,-0.4821952
712,2.0,2.0,-5.45871,-0.7288342,10.902508,1.4341269
713,1.0,1.0,-2.0813103,8.639016,-3.2388706,-5.0552363
714,3.0,3.0,-2.540832,-3.2262862,1.3491839,10.356945
715,2.0,2.0,-5.7336316,-0.4621066,11.006282,1.2699623
716,2.0,2.0,-5.4761333,-0.3970467,10.409978,1.2415185
717,2.0,2.0,-4.7672286,-0.87856424,9.720451,1.5052998
718,3.0,3.0,-2.5947719,-3.2847397,1.3993455,10.543998
719,3.0,3.0,-2.5070777,-2.8111017,1.5792668,8.783824
720,2.0,2.0,-5.6569858,-0.6283231,11.048389,1.4254963
721,3.0,3.0,-2.6533194,-3.436145,1.4119605,10.991099
722,1.0,1.0,-1.7372969,7.9812675,-3.1630793,-4.7027254
723,0.0,0.0,5.987287,2.103504,-3.1454318,-1.4287913
724,2.0,2.0,-5.421751,-0.73905,10.810246,1.4490098
725,3.0,3.0,-2.6331563,-3.3996623,1.3982947,10.895211
726,2.0,2.0,-5.5625424,-0.7155078,11.004088,1.4546827
727,1.0,1.0,-2.0071845,7.8588414,-2.8601742,-4.5935183
728,1.0,1.0,-1.6073756,8.212279,-3.3701315,-4.859221
729,0.0,0.0,11.280432,0.79940134,-1.5514991,-0.45851976
730,3.0,3.0,-2.6511087,-3.4315598,1.4060094,10.978472
731,0.0,0.0,10.228185,0.83645296,-1.6909559,-0.4700399
732,0.0,0.0,9.9059725,0.56969875,-1.1596296,-0.19639258
733,1.0,1.0,-2.291154,7.97029,-2.6939192,-4.644115
734,0.0,0.0,3.6338177,3.5242884,-3.9811666,-2.5635014
735,2.0,2.0,-5.597249,-0.6932325,11.005131,1.4645541
736,1.0,1.0,-0.21880811,6.216595,-3.2719142,-3.7615561
737,0.0,0.0,12.531233,0.8006472,-1.5942087,-0.439879
738,3.0,3.0,-2.6706166,-3.471391,1.4008112,11.145728
739,3.0,3.0,-2.6619325,-3.4141486,1.4173863,10.935679
740,0.0,0.0,12.031828,0.9311216,-1.8369647,-0.58430105
741,2.0,2.0,-5.238949,-0.6725924,10.368946,1.367396
742,2.0,2.0,-5.193254,-0.60151637,10.161715,1.3444326
743,2.0,2.0,-5.2650776,-0.84294593,10.614514,1.4849633
744,2.0,2.0,-5.6816955,-0.6953225,11.243249,1.4319464
745,2.0,2.0,-5.35008,-0.83218306,10.741043,1.538562
746,0.0,0.0,12.185845,0.8689623,-1.6948988,-0.5159548
747,1.0,1.0,-1.6174951,8.891795,-3.7584858,-5.265838
748,3.0,3.0,-2.5513463,-3.2376385,1.3949522,10.332357
749,1.0,1.0,-1.0500444,5.476025,-2.232906,-3.2252157
750,1.0,1.0,-1.6620317,7.603,-2.975526,-4.472611
751,2.0,2.0,-5.6907387,-0.6070223,11.187139,1.3601147
752,3.0,3.0,-2.4823256,-3.0803597,1.4076128,9.822009
753,2.0,2.0,-5.680512,-0.580055,11.100264,1.3434039
754,3.0,3.0,-2.6249719,-3.3312624,1.3919494,10.697498
755,3.0,3.0,-2.5193586,-3.1782844,1.3882256,10.164233
756,2.0,2.0,-5.5329804,-0.68515867,10.960333,1.4020629
757,1.0,1.0,-2.4808993,7.374328,-2.1721258,-4.250025
758,1.0,1.0,-1.8695353,5.597364,-1.6128137,-3.1952312
759,2.0,2.0,-5.8441043,-0.44168085,11.174762,1.2848133
760,3.0,3.0,-2.6886187,-3.4925773,1.4149424,11.190473
761,2.0,2.0,-4.299987,-0.564256,8.35193,1.2682271
762,0.0,0.0,11.760732,0.9827417,-1.9717014,-0.6373344
763,3.0,3.0,-2.5717912,-3.2728007,1.3786687,10.504892
764,3.0,3.0,-2.6543474,-3.50013,1.3750496,11.215378
765,0.0,0.0,10.279855,1.3720051,-2.5119216,-0.9449516
766,0.0,0.0,14.245028,0.7333789,-1.4784503,-0.29456455
767,3.0,3.0,-2.529944,-3.1724145,1.3915019,10.161798
768,1.0,1.0,-1.6187028,7.32155,-2.857455,-4.3023877
769,3.0,3.0,-2.6133437,-3.3218133,1.3822575,10.6637
770,1.0,1.0,-2.1725264,7.517286,-2.506227,-4.3622575
771,2.0,2.0,-6.0901804,-0.11754583,11.122091,1.0542798
772,3.0,3.0,-2.7458358,-3.5049665,1.4305817,11.261521
773,2.0,2.0,-5.6496973,-0.76172376,11.2192545,1.5085747
774,3.0,3.0,-2.6249504,-3.380155,1.3764634,10.860732
775,0.0,0.0,6.5133414,1.4376011,-2.3590064,-0.9481887
776,2.0,2.0,-4.906791,-0.38411415,9.27914,1.1681304
777,1.0,1.0,-0.9145527,5.0619392,-2.1109023,-3.003695
778,1.0,1.0,-2.3170652,8.168239,-2.7959375,-4.782864
779,2.0,2.0,-5.068439,-0.8355693,10.257664,1.4704589
780,2.0,2.0,-3.7659264,-1.0900759,7.3932633,2.0741563
781,2.0,2.0,-5.5402923,0.6282676,9.023621,0.5118656
782,3.0,3.0,-2.5086994,-3.1383758,1.3849726,10.042197
783,2.0,2.0,-5.4570217,-0.40777934,10.43997,1.207774
784,2.0,2.0,-5.9437556,-0.48612863,11.454403,1.3092953
785,1.0,1.0,-1.0364765,6.5156884,-2.8663309,-3.8828707
786,0.0,0.0,9.433182,1.1610166,-2.1622849,-0.79351324
787,2.0,2.0,-5.2189507,0.0030070692,9.255416,0.97273064
788,2.0,2.0,-5.3011556,-0.43927014,10.183595,1.2281073
789,2.0,2.0,-5.7693086,-0.2948103,10.854827,1.1792551
790,1.0,1.0,-1.8898481,8.952985,-3.5741801,-5.2991033
791,0.0,0.0,12.519151,0.7512746,-1.519155,-0.39517623
792,2.0,2.0,-6.245574,-0.037577137,11.341004,1.012197
793,2.0,2.0,-6.134087,-0.34812915,11.588301,1.2165323
794,0.0,0.0,13.12341,0.87419623,-1.7295916,-0.4719332
795,0.0,0.0,11.973485,0.75444233,-1.5303245,-0.38509232
796,1.0,1.0,-1.1856397,7.7395463,-3.4215157,-4.592977
797,2.0,2.0,-5.794441,-0.458512,11.067023,1.319027
798,2.0,2.0,-5.701751,-0.57869124,11.142324,1.3449706
799,2.0,2.0,-5.959449,-0.583911,11.601698,1.3856508
800,2.0,2.0,-5.859067,-0.18417303,10.807402,1.1158811
801,1.0,1.0,-1.7155973,7.9267735,-3.128684,-4.6580253
802,0.0,0.0,12.89352,0.7884824,-1.5621375,-0.41837603
803,2.0,2.0,-5.349261,-0.8061674,10.769526,1.4681275
804,3.0,3.0,-2.340734,-2.9304004,1.3136326,9.380599
805,1.0,1.0,-1.5579118,6.5923142,-2.5008812,-3.8611372
806,1.0,1.0,0.5263388,4.0008574,-2.5363348,-2.4994168
807,1.0,1.0,-0.65923274,6.892896,-3.3345673,-4.1284194
808,1.0,1.0,0.72113353,5.90426,-3.8918116,-3.7562332
809,1.0,1.0,-2.074247,8.285134,-3.0326355,-4.8533354
810,2.0,2.0,-5.564185,-0.734223,11.045678,1.4534816
811,2.0,2.0,-6.0645804,-0.59383726,11.842749,1.3992047
812,0.0,0.0,10.857414,0.910224,-1.796065,-0.5272916
813,3.0,3.0,-2.4249964,-2.8328595,1.4249283,9.127427
814,0.0,0.0,13.203238,0.69002146,-1.387125,-0.29484493
815,1.0,1.0,-0.47883707,5.9931555,-2.970556,-3.5990655
816,2.0,2.0,-5.8897514,-0.47654676,11.306689,1.3040538
817,2.0,2.0,-5.564827,-0.5618792,10.877407,1.3126945
818,2.0,2.0,-5.744103,-0.68399704,11.332459,1.425976
819,1.0,1.0,-1.8850863,7.1817703,-2.567596,-4.182212
820,2.0,2.0,-6.047462,-0.45452183,11.593279,1.2887341
821,2.0,2.0,-5.9524612,-0.38517636,11.324972,1.2446436
822,2.0,2.0,-6.4336314,-0.04579471,11.7478895,1.0445807
823,2.0,2.0,-4.7051888,-0.8871131,9.521364,1.5678034
824,0.0,0.0,11.564663,0.89571756,-1.7815506,-0.55942017
825,3.0,3.0,-2.6236682,-3.3596861,1.4029369,10.766008
826,2.0,2.0,-5.1854444,-0.7457154,10.360064,1.4115644
827,2.0,2.0,-5.3895516,-0.6025267,10.475447,1.3817716
828,2.0,2.0,-5.1236925,-0.865432,10.350755,1.5160503
829,2.0,2.0,-5.900321,-0.503744,11.4293375,1.3204902
830,1.0,1.0,-2.3153467,8.582524,-3.0254354,-5.0174847
831,1.0,1.0,-1.4861563,7.1789317,-2.8547292,-4.2261124
832,2.0,2.0,-5.329886,-0.24820004,9.917703,1.1091287
833,0.0,0.0,9.475214,1.5277909,-2.6424775,-1.0417261
834,3.0,3.0,-2.6216087,-3.3460872,1.3948004,10.739337
835,3.0,3.0,-2.5141172,-3.3451526,1.314034,10.709147
836,2.0,2.0,-6.2399354,-0.36053455,11.823306,1.2453282
837,2.0,2.0,-5.7183795,-0.72634673,11.330523,1.4647104
838,2.0,2.0,-6.241672,-0.13861142,11.480906,1.0866417
839,0.0,0.0,11.93483,0.6328282,-1.2574697,-0.24763612
840,3.0,3.0,-2.6947126,-3.5231152,1.3993185,11.322013
841,2.0,2.0,-4.5200467,-0.4602679,8.62903,1.2012844
842,0.0,0.0,10.533629,0.9533935,-1.829302,-0.5912288
843,3.0,3.0,-2.6617002,-3.4508493,1.4018126,11.063609
844,1.0,1.0,-2.2988591,8.045692,-2.7457979,-4.7092366
845,1.0,1.0,-1.8507582,7.979693,-3.086362,-4.701552
846,1.0,1.0,-1.7185661,5.423315,-1.6128752,-3.0833158
847,3.0,3.0,-2.4279366,-2.7309391,1.5212998,8.538185
848,3.0,3.0,-2.558917,-3.219327,1.3883412,10.323054
849,2.0,2.0,-5.7988057,-0.5550535,11.2646475,1.3425583
850,2.0,2.0,-5.654514,-0.55245733,11.021048,1.3241848
851,2.0,2.0,-5.7962794,-0.25367302,10.781557,1.1646596
852,0.0,0.0,6.9081593,0.73745114,-1.4146913,-0.40630943
853,2.0,2.0,-5.707016,-0.3291517,10.827466,1.1512356
854,3.0,3.0,-2.5340405,-3.20251,1.4096863,10.22882
855,2.0,2.0,-6.0504622,-0.34980333,11.412191,1.2211753
856,2.0,2.0,-5.7550344,-0.6416458,11.306828,1.4015721
857,2.0,2.0,-5.618614,-0.57093483,10.989918,1.3199973
858,0.0,0.0,9.930753,0.61045957,-1.1700435,-0.23250835
859,2.0,2.0,-5.5530195,-0.7573928,11.089799,1.4711218
860,2.0,2.0,-5.15632,-0.5200181,9.975118,1.2970161
861,2.0,2.0,-5.6864395,-0.48094165,10.930853,1.3063078
862,2.0,2.0,-5.9340987,-0.4411595,11.394484,1.263413
863,2.0,2.0,-4.381513,-0.7991963,8.568697,1.6326559
864,1.0,1.0,-2.1949492,7.941629,-2.7474084,-4.6224427
865,3.0,3.0,-2.3655925,-2.7457883,1.4893658,8.550832
866,0.0,0.0,12.892025,0.8029863,-1.6024139,-0.45483786
867,2.0,2.0,-5.744558,-0.6970691,11.376377,1.4503344
868,2.0,2.0,-5.274154,-0.7097392,10.480795,1.415165
869,3.0,3.0,-2.6372733,-3.3582256,1.3990953,10.793207
870,3.0,3.0,-2.58994,-3.3242214,1.395029,10.651709
871,0.0,0.0,8.829279,1.254182,-2.1684854,-0.83372
872,2.0,2.0,-5.2253246,-0.7695747,10.401516,1.4841774
873,2.0,2.0,-5.747559,-0.17186414,10.681587,1.0506378
874,2.0,2.0,-5.699965,-0.7214793,11.325689,1.4411294
875,1.0,1.0,-0.7727481,6.8218474,-3.1814635,-4.0558176
876,3.0,3.0,-2.5632877,-3.2786922,1.3415236,10.535566
877,1.0,1.0,-1.7911885,8.30897,-3.3084419,-4.8967957
878,2.0,2.0,-4.8931484,-0.6881338,9.70846,1.3468888
879,3.0,3.0,-2.611567,-3.3287013,1.3990161,10.654548
880,3.0,3.0,-2.4388266,-2.9716184,1.3901097,9.494691
881,0.0,0.0,9.370734,0.8740258,-1.6648371,-0.57421285
882,2.0,2.0,-5.8157353,-0.046012864,10.503607,1.0138724
883,3.0,3.0,-2.6942072,-3.4926147,1.4085727,11.204661
884,0.0,0.0,9.486851,0.46695936,-0.93687445,-0.10663884
885,2.0,2.0,-5.448136,-0.20312761,10.0278225,1.1054156
886,2.0,2.0,-5.471998,0.08846249,9.790509,0.79620403
887,1.0,1.0,-1.9116472,8.4815,-3.301737,-4.995787
888,2.0,2.0,-5.5559893,-0.51115537,10.784401,1.2703129
889,2.0,2.0,-5.1987004,-0.67053837,10.234348,1.3969992
890,2.0,2.0,-5.510116,-0.35700947,10.494756,1.1686013
891,0.0,0.0,9.042168,0.63383126,-1.2625182,-0.28382605
892,0.0,0.0,12.902283,0.73593944,-1.4614671,-0.34851795
893,2.0,2.0,-5.3902965,-0.27261353,10.058201,1.136196
894,2.0,2.0,-5.4710116,-0.8004774,10.999422,1.4824904
895,0.0,0.0,12.127459,0.7036781,-1.3866639,-0.3144501
896,0.0,0.0,14.630111,0.6749747,-1.411575,-0.23625545
897,3.0,3.0,-2.5347538,-3.1595857,1.3930762,10.130683
898,2.0,2.0,-5.708556,-0.49283475,10.998316,1.2779882
899,3.0,3.0,-2.556028,-3.1704726,1.4068735,10.17394
900,0.0,0.0,10.539511,0.92653865,-1.8040043,-0.62215954
901,2.0,2.0,-4.7314715,-0.59213185,9.275089,1.2898732
902,0.0,0.0,13.737755,0.7863469,-1.5648265,-0.38812095
903,2.0,2.0,-4.93232,-1.0164278,10.100975,1.6905295
904,1.0,1.0,-1.7367324,8.429683,-3.4232535,-4.978429
905,3.0,3.0,-2.6741405,-3.4628346,1.4079062,11.100488
906,2.0,2.0,-5.6490417,0.095826104,9.960914,0.9211228
907,2.0,2.0,-5.9997206,0.80185103,9.618032,0.41012025
908,0.0,0.0,10.615763,0.70904446,-1.416697,-0.3679176
909,3.0,3.0,-2.7786446,-3.5937064,1.4521707,11.507351
910,2.0,2.0,-5.1992183,-0.18901007,9.514593,1.0941
911,1.0,1.0,-0.24344242,5.79406,-3.0650318,-3.5251045
912,2.0,2.0,-4.7365413,-0.8515269,9.562521,1.5072714
913,1.0,1.0,-0.761115,7.59384,-3.6713636,-4.559304
914,2.0,2.0,-5.617239,-0.73558074,11.194442,1.4646263
915,3.0,3.0,-2.7169309,-3.5050735,1.4141572,11.266221
916,0.0,0.0,8.782734,0.43409914,-0.8410887,-0.04231053
917,1.0,1.0,-2.007184,8.01961,-2.9455671,-4.6898527
918,2.0,2.0,-5.597569,-0.54921883,10.928478,1.3073388
919,3.0,3.0,-2.5542364,-3.239722,1.3530276,10.417479
920,0.0,0.0,12.073151,0.78267074,-1.5607703,-0.4144047
921,2.0,2.0,-6.0668874,-0.3158772,11.417588,1.2070127
922,3.0,3.0,-2.4036965,-2.9427054,1.3675151,9.406602
923,3.0,3.0,-2.7304902,-3.5273688,1.4347126,11.325993
924,2.0,2.0,-6.0258784,-0.5196789,11.631045,1.3355561
925,3.0,3.0,-2.5786653,-3.2146444,1.3838284,10.357034
926,1.0,1.0,-1.4744836,7.9482555,-3.3524287,-4.710901
927,2.0,2.0,-5.5648685,-0.380495,10.565154,1.2029959
928,0.0,0.0,12.721746,0.7586903,-1.5017768,-0.39633757
929,2.0,2.0,-5.413995,-0.65074545,10.674844,1.3806318
930,2.0,2.0,-5.694102,-0.40622592,10.85163,1.2211593
931,1.0,1.0,-1.536992,8.017401,-3.3362403,-4.7456074
932,3.0,3.0,-2.6874065,-3.4600022,1.4007001,11.117249
933,2.0,2.0,-5.3769984,-0.48883307,10.372689,1.2450863
934,2.0,2.0,-5.62923,-0.40191704,10.790942,1.2064128
935,2.0,2.0,-5.8315997,0.33193684,10.083908,0.7303178
936,1.0,1.0,-2.474575,8.163747,-2.6353297,-4.744825
937,1.0,2.0,-3.6787252,4.8757887,1.5714049,-2.5095634
938,2.0,2.0,-5.858279,0.3591817,10.063368,0.71695966
939,3.0,3.0,-2.560421,-3.2045853,1.3930818,10.276097
940,1.0,1.0,-0.94378245,7.252212,-3.3718655,-4.3468204
941,3.0,3.0,-2.5994387,-3.354966,1.3704438,10.771678
942,1.0,1.0,-2.1085215,6.272632,-1.7907653,-3.5814855
943,0.0,0.0,10.564433,0.92386204,-1.7899184,-0.6177874
944,2.0,2.0,-4.4709916,-1.1411792,9.170313,1.9290931
945,3.0,3.0,-2.5414982,-3.2090676,1.3847572,10.267805
946,1.0,1.0,-1.3325702,7.9128284,-3.41967,-4.6933517
947,2.0,2.0,-5.3959355,-0.65911996,10.655743,1.3733804
948,2.0,2.0,-5.366115,-0.6473191,10.571615,1.3713243
949,3.0,3.0,-2.683353,-3.4517384,1.417682,11.058448
950,1.0,1.0,-0.69098485,5.973005,-2.7943301,-3.5541873
951,3.0,3.0,-2.7472281,-3.5394015,1.4354206,11.367947
952,3.0,3.0,-2.675292,-3.417407,1.4299946,10.948116
953,2.0,2.0,-3.9230995,-1.1124347,7.740887,2.085003
954,2.0,2.0,-5.082996,-0.4740064,9.79227,1.2288464
955,2.0,2.0,-4.9266405,-1.053691,10.0967045,1.7450533
956,3.0,3.0,-2.58676,-3.237029,1.3950446,10.410743
957,2.0,2.0,-5.728529,-0.5006552,11.104177,1.3002872
958,2.0,2.0,-5.47224,-0.678405,10.819112,1.4001296
959,0.0,0.0,9.708309,0.99574715,-1.8682696,-0.58676726
960,2.0,2.0,-5.926703,-0.41913778,11.202957,1.2936792
961,2.0,2.0,-5.548303,-0.39163983,10.4402895,1.2520466
962,3.0,3.0,-2.5053954,-3.052713,1.4247371,9.7855625
963,1.0,1.0,-1.5879912,7.221397,-2.8160613,-4.230725
964,2.0,2.0,-5.328964,-0.3736801,10.138353,1.1701131
965,3.0,3.0,-2.639678,-3.397039,1.4126179,10.872608
966,1.0,1.0,-1.8423778,9.033974,-3.6736636,-5.3395977
967,2.0,2.0,-5.724509,-0.6843898,11.271984,1.4557928
968,0.0,0.0,2.687097,2.5809367,-2.6381836,-1.8353148
969,3.0,3.0,-2.6267076,-3.3674066,1.4063698,10.802808
970,1.0,1.0,-1.2153367,6.6106253,-2.768037,-3.8733652
971,2.0,2.0,-5.8478365,-0.53615516,11.345479,1.3357637
972,3.0,3.0,-2.6292906,-3.3783464,1.4107822,10.801806
973,3.0,3.0,-2.409634,-3.0221612,1.3166788,9.6958
974,0.0,0.0,7.8608365,0.28561002,-0.5478915,0.054545112
975,2.0,2.0,-4.7855783,-0.7603452,9.581543,1.4204943
976,2.0,2.0,-5.6369057,-0.19877325,10.503309,1.0736364
977,0.0,0.0,8.266795,0.26416832,-0.5519642,0.110952444
978,1.0,1.0,-1.8517314,7.898785,-3.0006933,-4.649477
979,1.0,1.0,-1.5294516,7.2925887,-2.8944528,-4.2882876
980,2.0,2.0,-5.313768,-0.9128572,10.787839,1.563546
981,2.0,2.0,-5.783982,-0.28783822,10.826761,1.1932198
982,0.0,0.0,10.804743,0.47773492,-0.9680205,-0.07390409
983,2.0,2.0,-5.640302,-0.6575964,11.053874,1.4477018
984,2.0,2.0,-6.210834,-0.28109014,11.641837,1.2156429
985,2.0,2.0,-6.304419,-0.25132835,11.779087,1.1706016
986,0.0,0.0,10.24298,0.5561423,-1.157511,-0.17415838
987,3.0,3.0,-2.420774,-2.9170268,1.4202526,9.3355875
988,2.0,2.0,-5.5459657,-0.3434984,10.526133,1.1666082
989,1.0,1.0,-1.2195371,7.896328,-3.495811,-4.7049084
990,2.0,2.0,-5.8385396,0.1721393,10.281883,0.8551258
991,2.0,2.0,-5.4058847,-0.7798557,10.784329,1.5001757
992,2.0,2.0,-6.1425447,0.035287872,10.999062,0.95940334
993,2.0,2.0,-4.819828,-0.39995092,9.134831,1.1691388
994,0.0,0.0,6.2390685,1.5100898,-2.4654355,-1.0078603
995,2.0,2.0,-6.472737,-0.022213444,11.766501,1.0371567
996,0.0,0.0,5.9756236,1.5640639,-2.5263772,-1.0348773
997,1.0,1.0,-1.7441036,7.515164,-2.901431,-4.429865
998,2.0,2.0,-6.394467,-0.23845063,11.956066,1.1668923
999,1.0,1.0,-0.9274814,7.325383,-3.3761969,-4.360186
1000,0.0,0.0,11.907439,0.758689,-1.5298374,-0.40554768
1001,1.0,1.0,-2.9834208,7.5646205,-1.8084908,-4.283358
1002,3.0,3.0,-2.590695,-3.3106706,1.3622122,10.632141
1003,3.0,3.0,-2.508502,-3.0995996,1.3805449,9.975961
1004,2.0,2.0,-5.6354036,-0.37251794,10.646456,1.2414536
1005,1.0,1.0,-1.6728908,4.7412524,-1.2826246,-2.6920009
1006,1.0,1.0,-1.915635,8.052776,-3.0686688,-4.746667
1007,1.0,1.0,-2.3381014,6.812206,-1.9184558,-3.8862357
1008,3.0,3.0,-2.6099339,-3.2733526,1.4138995,10.534316
1009,1.0,1.0,-1.0029384,7.739185,-3.5890608,-4.621529
1010,3.0,3.0,-2.5823207,-3.276496,1.3996952,10.47593
1011,2.0,2.0,-4.7530107,-0.89115775,9.687672,1.5233649
1012,0.0,0.0,8.311489,1.2239305,-2.1607354,-0.81386787
1013,3.0,3.0,-2.6600194,-3.4466085,1.433235,11.013916
1014,1.0,1.0,-1.1402557,7.52622,-3.364901,-4.4892626
1015,0.0,0.0,9.753519,0.48650867,-0.96538454,-0.08034616
1016,1.0,1.0,-0.32270086,6.390154,-3.315104,-3.873682
1017,2.0,2.0,-5.022642,-0.65470743,9.899455,1.3738463
1018,2.0,2.0,-6.0617876,-0.40247488,11.550264,1.2521522
1019,2.0,2.0,-4.788732,-1.1716851,9.857224,1.9069364
1020,2.0,2.0,-5.3959503,-0.450405,10.343403,1.2174035
1021,1.0,1.0,-0.27533913,4.884818,-2.4723654,-2.9392216
1022,2.0,2.0,-5.9618764,-0.61179197,11.638724,1.4194804
1023,0.0,0.0,10.305981,0.7775329,-1.5618091,-0.3955763
1024,2.0,2.0,-5.390902,-0.5480617,10.502842,1.2993832
1025,2.0,2.0,-5.465429,-0.655597,10.8012905,1.3723838
1026,1.0,1.0,-0.5788425,7.548533,-3.8292758,-4.578886
1027,0.0,0.0,10.771025,0.8864502,-1.7575679,-0.5165244
1028,0.0,0.0,10.810162,0.6098832,-1.2632614,-0.15288071
1029,2.0,2.0,-5.951399,-0.39784908,11.266428,1.2732553
1030,1.0,1.0,-2.2668552,7.498573,-2.437278,-4.3490005
1031,1.0,1.0,-1.2641166,8.703745,-3.9344873,-5.197814
1032,2.0,2.0,-5.0779586,-0.835458,10.228441,1.49118
1033,2.0,2.0,-5.216175,-0.73611987,10.378859,1.4260491
1034,1.0,1.0,-1.2451279,6.7964053,-2.8200517,-4.0077844
1035,1.0,1.0,-1.4711696,6.682843,-2.6164978,-3.9222548
1036,2.0,2.0,-5.779992,-0.2696017,10.755392,1.1660559
1037,2.0,2.0,-5.985015,0.6180885,9.734156,0.5945716
1038,0.0,0.0,3.8905215,1.3107108,-1.9475083,-0.86178195
1039,1.0,1.0,-2.5260677,6.4707794,-1.5305281,-3.6343758
1040,2.0,2.0,-5.738073,-0.664657,11.3398075,1.4015009
1041,0.0,0.0,11.324986,0.9975902,-1.9794477,-0.6491354
1042,1.0,1.0,-1.5466925,7.452108,-2.9936504,-4.3873134
1043,2.0,2.0,-6.5312934,0.28360987,11.354105,0.8182168
1044,1.0,1.0,-0.22116971,5.9051213,-3.0749104,-3.56956
1045,1.0,1.0,-1.632565,7.4658113,-2.9143133,-4.384097
1046,2.0,2.0,-5.355266,-0.64789516,10.522968,1.3827738
1047,2.0,2.0,-5.208304,-0.85027105,10.478462,1.545786
1048,0.0,0.0,12.066536,0.69314325,-1.3947022,-0.30035144
1049,3.0,3.0,-2.7234378,-3.5712535,1.4154996,11.451443
1050,2.0,2.0,-5.5411067,-0.23975103,10.375994,1.0993702
1051,1.0,1.0,-0.039136887,4.827885,-2.6492562,-2.9451697
1052,2.0,2.0,-5.716359,-0.6117256,11.16562,1.3819349
1053,2.0,2.0,-4.84098,-1.0080963,9.949926,1.640934
1054,1.0,1.0,-2.067144,8.39632,-3.1495593,-4.933798
1055,2.0,2.0,-6.098558,-0.012478456,11.027472,0.9811191
1056,1.0,1.0,-0.8104432,6.317444,-2.9251738,-3.768526
1057,2.0,2.0,-5.390144,-0.6674293,10.656673,1.3828411
1058,3.0,3.0,-2.48139,-3.1885648,1.3031774,10.25022
1059,3.0,3.0,-2.5314226,-3.3109143,1.3244525,10.622182
1060,2.0,2.0,-5.5210404,-0.055325374,10.1038265,0.96264625
1061,2.0,2.0,-5.891536,-0.44228506,11.257376,1.2707
1062,2.0,2.0,-5.4233937,-0.5487155,10.508432,1.3357488
1063,1.0,1.0,0.521195,5.7061048,-3.5969539,-3.5944118
1064,1.0,1.0,-1.6580681,6.865928,-2.5732262,-4.0408607
1065,1.0,1.0,-3.7796936,6.2717195,0.51093036,-3.281056
1066,3.0,3.0,-2.5955858,-3.349294,1.3689784,10.75437
1067,2.0,2.0,-5.138919,-0.76755255,10.243027,1.4473057
1068,1.0,1.0,-1.5554639,6.9328585,-2.6647143,-4.044731
1069,3.0,3.0,-2.5527325,-3.2940876,1.3443465,10.584935
1070,0.0,0.0,11.3716755,0.69798225,-1.3958659,-0.31976038
1071,2.0,2.0,-5.4914994,-0.53918463,10.700394,1.2834992
1072,3.0,3.0,-1.3822068,-1.5576118,0.8560181,4.9998436
1073,2.0,2.0,-5.616753,-0.68043876,11.096011,1.4383289
1074,3.0,3.0,-2.5706544,-3.2473428,1.4045695,10.378763
1075,2.0,2.0,-5.4701285,-0.51212543,10.572501,1.3023522
1076,2.0,2.0,-6.0524697,0.117723,10.597254,0.9498829
1077,2.0,2.0,-5.697822,-0.7161698,11.276154,1.4592404
1078,3.0,3.0,-2.6174755,-2.56409,1.9759908,7.28079
1079,2.0,2.0,-4.694991,-1.0187179,9.649859,1.6526513
1080,1.0,1.0,-1.9895579,7.118819,-2.4497867,-4.158424
1081,3.0,3.0,-2.7150931,-3.4953592,1.4283688,11.203616
1082,0.0,0.0,13.361214,0.70103955,-1.4154311,-0.31796652
1083,3.0,3.0,-2.4983368,-3.1726825,1.3678529,10.152263
1084,3.0,3.0,-2.710096,-3.4917352,1.4324414,11.200126
1085,2.0,2.0,-5.4614778,-0.16676031,10.05843,1.0621889
1086,1.0,1.0,-1.3573792,7.301664,-3.0099788,-4.3062005
1087,0.0,0.0,13.359446,0.7664787,-1.532089,-0.36638337
1088,2.0,2.0,-5.941563,-0.17515032,10.9289,1.114184
1089,2.0,2.0,-5.766249,-0.31066352,10.895066,1.1624999
1090,1.0,1.0,-1.225926,6.5752654,-2.735007,-3.8843958
1091,3.0,3.0,-2.6900148,-3.4952033,1.4006857,11.241339
1092,2.0,2.0,-5.048422,-0.97059846,10.286199,1.6386303
1093,1.0,1.0,0.8773488,4.567986,-3.2215452,-2.9446287
1094,1.0,1.0,-1.8238297,8.157977,-3.1768255,-4.8059964
1095,1.0,1.0,-1.8274447,6.7534313,-2.3410215,-3.9357083
1096,3.0,3.0,-2.6463022,-3.3181512,1.4100497,10.673625
1097,3.0,3.0,-2.3920488,-3.0698535,1.2770312,9.852971
1098,2.0,2.0,-5.388816,-0.94934833,10.909338,1.635157
1099,2.0,2.0,-5.788379,-0.53880244,11.254286,1.3187824
1100,1.0,1.0,-2.1478686,6.2356753,-1.7162262,-3.5568643
1101,0.0,0.0,12.23414,0.828976,-1.6807065,-0.46642572
1102,0.0,0.0,10.990654,0.8480294,-1.6910881,-0.40762502
1103,2.0,2.0,-6.283152,-0.24196015,11.737197,1.1569784
1104,0.0,0.0,13.990585,0.6692802,-1.362296,-0.28048116
1105,3.0,3.0,-2.5201745,-3.1767612,1.3752644,10.165211
1106,2.0,2.0,-5.1327243,-0.97805357,10.484404,1.622586
1107,2.0,2.0,-5.190453,-0.3404162,9.758197,1.1770113
1108,3.0,3.0,-2.7150292,-3.4949179,1.4306396,11.2038355
1109,2.0,2.0,-5.9208865,-0.63295954,11.595515,1.4118931
1110,2.0,2.0,-4.3527546,-1.0445764,8.849039,1.7987099
1111,0.0,0.0,10.995146,1.1947863,-2.2452881,-0.8222273
1112,2.0,2.0,-4.5904055,-0.83768475,9.240607,1.4987167
1113,1.0,1.0,-1.5610465,8.181369,-3.4136302,-4.845143
1114,2.0,2.0,-5.604687,-0.39022893,10.63328,1.1908362
1115,2.0,2.0,-4.801901,-0.7219982,9.429209,1.475843
1116,3.0,3.0,-2.6322513,-3.4017081,1.3820748,10.9041815
1117,1.0,1.0,-1.6740377,7.5245633,-2.9467645,-4.434081
1118,1.0,1.0,-0.34414786,4.8962016,-2.4268613,-2.9309642
1119,2.0,2.0,-5.451521,-0.666497,10.689611,1.4276079
1120,2.0,2.0,-5.915697,0.69142824,9.494719,0.5334982
1121,1.0,1.0,-1.1507558,7.84389,-3.5091944,-4.68
1122,2.0,2.0,-5.6163692,-0.56193876,10.967467,1.3165917
1123,3.0,3.0,-2.38547,-2.6841326,1.479819,8.460085
1124,2.0,2.0,-6.379474,-0.21712516,11.816893,1.1729031
1125,3.0,3.0,-2.6526098,-3.402037,1.4028754,10.909358
1126,0.0,0.0,13.604177,0.8441503,-1.6968502,-0.4403208
1127,0.0,0.0,12.820311,0.775789,-1.5805142,-0.41856796
1128,1.0,1.0,-2.567235,7.423404,-2.1047127,-4.2538223
1129,3.0,3.0,-2.3590088,-2.9060905,1.3418629,9.270915
1130,3.0,3.0,-2.68863,-3.4878323,1.408308,11.18861
1131,2.0,2.0,-6.449194,-0.31078744,12.123558,1.2304926
1132,2.0,2.0,-4.969424,-0.75368774,9.905298,1.4263046
1133,2.0,2.0,-5.6847873,-0.6770953,11.184235,1.4460894
1134,0.0,0.0,14.010418,0.8075886,-1.6223242,-0.41391927
1135,0.0,0.0,12.460306,0.63033503,-1.2718847,-0.25346357
1136,1.0,1.0,-1.9040653,8.038863,-3.0640252,-4.719853
1137,0.0,0.0,12.240601,0.95627546,-1.8811066,-0.5072866
1138,3.0,3.0,-2.745862,-3.5428343,1.4333185,11.366637
1139,3.0,3.0,-2.6731267,-3.4386306,1.41042,11.030736
1140,2.0,2.0,-4.888869,-0.8158576,9.798485,1.5022172
1141,2.0,2.0,-5.6298203,-0.009113833,10.129271,0.96898824
1142,3.0,3.0,-2.6855583,-3.4752364,1.4098256,11.134058
1143,0.0,0.0,12.16761,0.9882497,-1.925124,-0.6365302
1144,1.0,1.0,-0.69141954,6.019857,-2.8258734,-3.581755
1145,2.0,2.0,-5.639997,-0.65597653,11.115883,1.4349452
1146,3.0,3.0,-2.5222673,-3.1800761,1.382029,10.164635
1147,2.0,2.0,-5.9860754,-0.50062186,11.494143,1.3427217
1148,0.0,0.0,11.711718,1.0243906,-2.0221188,-0.67534214
1149,2.0,2.0,-5.612634,1.938224,7.545273,-0.37030032
1150,2.0,2.0,-5.1553006,-0.95562327,10.520959,1.5997151
1151,3.0,3.0,-2.6749372,-3.441541,1.4160762,11.0211315
1152,3.0,2.0,-2.8216796,-2.3779223,3.4283,5.430492
1153,0.0,0.0,10.198771,0.84014267,-1.6908388,-0.5313366
1154,2.0,2.0,-5.479129,-0.7292046,10.927908,1.4342736
1155,1.0,1.0,-1.305411,6.521974,-2.6429605,-3.8403194
1156,0.0,0.0,7.73339,1.4431672,-2.4608784,-0.96335703
1157,3.0,3.0,-2.6568742,-3.3965786,1.4342875,10.836894
1158,1.0,1.0,0.17067009,4.147355,-2.3694303,-2.5413184
1159,2.0,2.0,-5.941052,0.21060516,10.40971,0.84070015
1160,0.0,0.0,9.989033,0.6820202,-1.3617738,-0.3388993
1161,1.0,1.0,-1.7855582,7.0494714,-2.5639977,-4.112233
1162,0.0,0.0,11.479556,0.8305641,-1.6343687,-0.4901324
1163,0.0,0.0,9.185956,0.93944484,-1.7813184,-0.603663
1164,2.0,2.0,-4.4948077,-0.53249764,8.639615,1.3038273
1165,2.0,2.0,-5.807971,-0.4659903,11.121204,1.2975495
1166,2.0,2.0,-5.13777,-0.796123,10.300425,1.4829638
1167,2.0,2.0,-5.8805933,-0.46175462,11.287101,1.2970656
1168,2.0,2.0,-5.426645,-0.8973874,11.000423,1.5595169
1169,3.0,3.0,-2.6295552,-3.4018197,1.3872008,10.897005
1170,0.0,0.0,11.231773,0.9153749,-1.8095075,-0.5966256
1171,2.0,2.0,-6.067059,0.5045436,10.188593,0.6100523
1172,1.0,1.0,-1.868724,8.438441,-3.2993994,-4.969457
1173,2.0,2.0,-5.5850215,-0.16743039,10.181594,1.1218678
1174,2.0,2.0,-4.9292645,-0.19892828,9.124844,1.0113322
1175,1.0,0.0,2.9243417,3.6892097,-3.6794162,-2.6202357
1176,1.0,1.0,-2.249792,8.6327305,-3.1076558,-5.050599
1177,1.0,1.0,-2.2420359,6.95678,-2.1276095,-3.9973462
1178,2.0,2.0,-5.5743074,-0.6781921,11.039222,1.4077411
1179,3.0,3.0,-2.5390692,-3.2225015,1.3748219,10.310006
1180,3.0,3.0,-1.5230855,-1.4413155,1.142572,4.2837005
1181,1.0,1.0,-1.2804949,7.0199018,-2.9558904,-4.1362205
1182,3.0,3.0,-2.4330044,-3.0405123,1.3812718,9.68767
1183,2.0,2.0,-5.4506373,-0.68938065,10.81452,1.4068797
1184,0.0,0.0,13.984473,0.8185289,-1.6652663,-0.42741305
1185,1.0,1.0,0.5969941,4.512826,-2.9742212,-2.8689377
1186,2.0,2.0,-5.515838,-0.5816035,10.818896,1.3272364
1187,0.0,0.0,11.240814,0.91481483,-1.8053199,-0.5907317
1188,2.0,2.0,-5.954771,-0.5569989,11.583979,1.3547084
1189,1.0,1.0,-1.2273313,7.62421,-3.357207,-4.525803
1190,2.0,2.0,-4.5210757,-1.0613424,9.369774,1.6978235
1191,1.0,1.0,-0.890005,6.4307837,-2.9059968,-3.8209927
1192,2.0,2.0,-6.0687346,-0.21861969,11.24865,1.1383451
1193,0.0,0.0,11.084688,0.9235927,-1.8214138,-0.51547223
1194,3.0,3.0,-2.6587005,-3.4038973,1.4186249,10.90613
1195,2.0,2.0,-5.5301585,-0.38681495,10.480423,1.2448249
1196,2.0,2.0,-6.234858,-0.25486875,11.671297,1.1771015
1197,2.0,2.0,-5.262241,-0.7158437,10.459881,1.4111502
1198,2.0,2.0,-4.9145007,-0.75129,9.848482,1.4307501
1199,1.0,1.0,-2.1619048,8.556823,-3.1453075,-5.0106716
1200,2.0,2.0,-5.617335,-0.68276733,11.074108,1.4264563
1201,2.0,2.0,-5.5609126,-0.71697724,11.066086,1.4297968
1202,2.0,2.0,-6.07254,-0.1248679,11.162222,1.0641854
1203,1.0,1.0,-2.5259285,7.1843715,-1.9882948,-4.1153436
1204,1.0,1.0,-0.99946034,6.775866,-2.999827,-4.012053
1205,1.0,1.0,-2.0113182,7.3360186,-2.5596368,-4.2715654
1206,2.0,2.0,-3.9162707,-1.1389544,7.785591,2.0691888
1207,2.0,2.0,-5.370537,-0.39006817,10.15494,1.2365245
1208,0.0,0.0,11.380446,0.6890444,-1.382326,-0.32098895
1209,0.0,0.0,11.397984,0.7247403,-1.4555588,-0.36501223
1210,3.0,3.0,-2.3803601,-2.8531978,1.3996184,9.151235
1211,3.0,3.0,-2.7313857,-2.5007582,2.2316864,6.8301497
1212,0.0,0.0,9.845171,0.6940279,-1.3728759,-0.28139013
1213,0.0,0.0,13.050962,0.67162234,-1.3450124,-0.24811868
1214,2.0,2.0,-4.9913616,2.4042974,6.174676,-0.7994115
1215,2.0,2.0,-5.042544,-0.82198346,10.171711,1.4802154
1216,3.0,3.0,-2.545168,-3.2648776,1.3541251,10.464055
1217,0.0,0.0,11.181967,0.8016028,-1.5970358,-0.4655996
1218,2.0,2.0,-4.55819,-0.8902241,9.204235,1.5825324
1219,2.0,2.0,-4.94782,-0.89886916,9.999755,1.5855798
1220,2.0,2.0,-5.591687,-0.6813971,10.9893055,1.4480983
1221,0.0,0.0,11.440884,0.8805176,-1.7324827,-0.53188926
1222,1.0,1.0,-0.70644236,7.0376267,-3.4148648,-4.232246
1223,1.0,1.0,-1.8431886,7.9921727,-3.0447783,-4.686541
1224,2.0,2.0,-4.85282,-0.9370879,9.923817,1.5578179
1225,2.0,2.0,-5.7393813,-0.42808956,10.949359,1.2502629
1226,0.0,1.0,4.795597,1.7544829,-2.5804365,-1.1976438
1227,1.0,1.0,-1.4492658,7.2862964,-2.9708066,-4.2904735
1228,1.0,1.0,-1.750382,8.722832,-3.5561514,-5.159963
1229,2.0,2.0,-5.5809436,-0.71911377,11.071954,1.4459788
1230,2.0,2.0,-4.4142118,-1.0544347,9.152573,1.6797333
1231,2.0,2.0,-5.674295,0.23087318,9.90452,0.7464132
1232,2.0,2.0,-4.4411497,-0.77222496,8.801748,1.4840226
1233,1.0,1.0,-1.6080743,7.7773395,-3.1429803,-4.588098
1234,2.0,2.0,-4.862356,-0.92562795,9.927673,1.5374266
1235,2.0,2.0,-5.6332307,-0.19270663,10.485385,1.0428532
1236,2.0,2.0,-5.205058,-0.48221362,10.03167,1.2535312
1237,0.0,0.0,7.351439,0.8064352,-1.497558,-0.51371604
1238,1.0,1.0,-0.7543401,7.637571,-3.7109213,-4.584133
1239,2.0,2.0,-5.825915,-0.45254707,11.200541,1.2859352
1240,2.0,2.0,-5.736711,-0.6980967,11.3631735,1.4433379
1241,1.0,1.0,-1.496706,8.087089,-3.3963094,-4.7857194
1242,3.0,3.0,-2.462175,-3.158571,1.3386923,10.129863
1243,1.0,1.0,-1.6402364,7.9921165,-3.2182808,-4.7188635
1244,1.0,1.0,-2.5089564,8.159783,-2.6684914,-4.7737055
1245,1.0,1.0,-0.42878956,6.4493356,-3.2299166,-3.864576
1246,0.0,0.0,12.360302,0.7648884,-1.5045577,-0.39416915
1247,0.0,0.0,13.973417,0.64807355,-1.3427192,-0.24271302
1248,0.0,0.0,13.810655,0.7682377,-1.5590162,-0.3482085
1249,1.0,1.0,-1.6602424,7.266789,-2.7782428,-4.2618637
1250,2.0,2.0,-5.4345236,-0.74429923,10.835775,1.4556016
1251,0.0,0.0,10.881406,0.7315572,-1.4569874,-0.39468318
1252,3.0,3.0,-2.4847212,-2.8658,1.5408424,8.997439
1253,0.0,0.0,6.8232203,1.8875483,-3.04326,-1.2773621
1254,3.0,3.0,-2.6188388,-3.3362443,1.3778056,10.713426
1255,1.0,0.0,2.6871796,3.3533442,-3.3688145,-2.399828
1256,2.0,2.0,-6.0183015,-0.49584985,11.62014,1.3101984
1257,1.0,1.0,-0.50488764,5.623519,-2.7052732,-3.3534465
1258,1.0,1.0,-1.7013236,8.519151,-3.487806,-5.027941
1259,3.0,3.0,-2.6006918,-3.2984045,1.378575,10.612063
1260,1.0,1.0,0.16664541,6.2450614,-3.6594214,-3.879921
1261,1.0,1.0,-1.3582053,7.494584,-3.1932476,-4.446978
1262,1.0,1.0,-1.8191115,8.567678,-3.4036455,-5.040617
1263,1.0,1.0,-1.4547323,8.222089,-3.5029988,-4.8670506
1264,2.0,2.0,-5.530092,-0.47707093,10.644971,1.2827053
1265,2.0,2.0,-5.534003,-0.6193777,10.851891,1.3639559
1266,0.0,0.0,8.831451,0.7349865,-1.3834732,-0.40927857
1267,2.0,2.0,-5.3553815,-0.7191825,10.594588,1.4629045
1268,3.0,3.0,-2.145958,-2.5710294,1.2596363,8.278207
1269,2.0,2.0,-6.1928825,-0.27279043,11.583254,1.1913979
1270,2.0,2.0,-5.834834,-0.6100766,11.422984,1.3750216
1271,2.0,2.0,-5.6465616,-0.7986789,11.27845,1.5071279
1272,3.0,3.0,-2.7205129,-3.5504298,1.43139,11.326937
1273,3.0,3.0,-2.3702998,-2.912959,1.384999,9.315781
1274,2.0,2.0,-5.080665,-0.6731928,10.074547,1.3461008
1275,3.0,3.0,-2.6898413,-3.421698,1.4272516,10.997115
1276,0.0,0.0,7.1292267,1.1278087,-1.9993788,-0.74405557
1277,0.0,0.0,10.794681,0.6789416,-1.3267817,-0.33919245
1278,2.0,2.0,-6.005785,-0.38162845,11.391793,1.23523
1279,1.0,1.0,-1.5137717,8.143857,-3.438617,-4.8348093
1280,2.0,2.0,-5.6917405,-0.65015125,11.230234,1.3868611
1281,1.0,1.0,-2.0571475,7.9755125,-2.8864565,-4.6727147
1282,3.0,3.0,-2.4242148,-2.9934118,1.410144,9.52148
1283,2.0,2.0,-4.4705215,-1.0042007,9.06103,1.7578645
1284,2.0,2.0,-6.146605,0.3620084,10.558825,0.7365667
1285,0.0,0.0,12.052439,0.6583551,-1.3253607,-0.28570157
1286,2.0,2.0,-5.4992614,-0.82302445,11.016202,1.5398318
1287,0.0,0.0,9.106826,0.5726604,-1.1089765,-0.17020325
1288,3.0,3.0,-2.3391805,-2.7028096,1.4299922,8.508485
1289,2.0,2.0,-5.9538407,-0.4105335,11.336979,1.2422704
1290,1.0,1.0,-1.1604218,7.446461,-3.262363,-4.4173956
1291,1.0,1.0,-0.69423455,7.314832,-3.5491176,-4.3883257
1292,3.0,3.0,-2.5447779,-3.1990495,1.3801556,10.259173
1293,2.0,2.0,-5.705281,-0.48204416,10.9698105,1.3067741
1294,1.0,1.0,-1.8750181,7.048904,-2.4587114,-4.097604
1295,2.0,2.0,-5.6809497,-0.61778885,11.177362,1.3627225
1296,2.0,2.0,-6.0399394,-0.5199935,11.707948,1.3357913
1297,1.0,1.0,-1.4287744,7.802418,-3.2816153,-4.614705
1298,2.0,2.0,-4.9212995,-0.5977931,9.657422,1.3298064
1299,0.0,0.0,11.297627,0.9090024,-1.7880299,-0.5746704
1300,3.0,3.0,-2.5686293,-3.2493064,1.3959334,10.417792
1301,0.0,0.0,5.4862533,2.0209444,-2.9501183,-1.3980747
1302,1.0,1.0,-1.7796966,7.873024,-3.0701165,-4.6409693
1303,3.0,3.0,-2.4051147,-2.887192,1.433619,9.201324
1304,2.0,2.0,-5.6905284,-0.3076889,10.681508,1.1558036
1305,2.0,2.0,-5.3625546,-0.721127,10.683718,1.4073844
1306,1.0,1.0,-3.1552615,6.3993344,-0.809563,-3.499306
1307,1.0,1.0,-2.0109277,8.120374,-3.0248866,-4.77117
1308,2.0,2.0,-6.232001,-0.3325268,11.698011,1.237982
1309,1.0,1.0,-1.2585654,6.8024206,-2.8379302,-4.0221133
1310,2.0,2.0,-5.171968,-0.911975,10.541556,1.5572199
1311,2.0,2.0,-5.672212,-0.8203155,11.387736,1.5398874
1312,0.0,0.0,9.759872,0.6497036,-1.2878565,-0.2714842
1313,0.0,0.0,13.156967,0.7105999,-1.4201486,-0.28677446
1314,0.0,0.0,7.8329735,1.7590859,-2.916797,-1.1973566
1315,2.0,2.0,-5.6711287,-0.5698438,11.03491,1.3515848
1316,1.0,1.0,-1.1232439,4.833736,-1.7943566,-2.8282843
1317,1.0,1.0,-2.5226808,7.182338,-1.981312,-4.1003194
1318,0.0,0.0,9.571738,0.51683694,-0.9958636,-0.10999816
1319,0.0,0.0,10.846507,0.71003306,-1.380155,-0.37596756
1320,1.0,1.0,-0.60342026,6.649637,-3.2418976,-3.9934828
1321,2.0,2.0,-5.338348,-0.53411794,10.347872,1.3016297
1322,3.0,3.0,-2.5571551,-3.2684867,1.3721724,10.47807
1323,2.0,2.0,-5.7430453,-0.5310722,11.148785,1.2983962
1324,3.0,3.0,-2.7163053,-3.58327,1.4322159,11.442502
1325,2.0,2.0,-6.2546773,0.2798487,10.8961525,0.82101095
1326,2.0,2.0,-5.4863353,-0.35060644,10.431015,1.1736412
1327,3.0,3.0,-2.605816,-3.3900793,1.3562124,10.862615
1328,1.0,1.0,-1.8452693,7.5335965,-2.8244433,-4.4120708
1329,2.0,2.0,-4.2463555,-1.2107729,8.467367,2.2068257
1330,1.0,1.0,-1.3828213,8.078639,-3.4854498,-4.7867208
1331,2.0,2.0,-4.9462857,-0.9495535,10.08584,1.6116115
1332,2.0,2.0,-6.011414,-0.45047444,11.454276,1.3424274
1333,2.0,2.0,-4.4870186,-0.9257871,9.100058,1.6234899
1334,1.0,1.0,-1.050654,7.400216,-3.3300557,-4.407806
1335,3.0,3.0,-2.4571438,-3.112217,1.3174788,9.994024
1336,2.0,2.0,-4.9852004,-0.80295956,9.955151,1.4888303
1337,0.0,0.0,12.302665,0.8451631,-1.7026192,-0.50822026
1338,0.0,0.0,9.506392,0.5243346,-1.055565,-0.15609293
1339,2.0,2.0,-5.8307133,-0.63133794,11.425944,1.4095353
1340,2.0,2.0,-5.269511,-0.6414097,10.311185,1.3969158
1341,0.0,0.0,8.376642,1.5109137,-2.574058,-1.035545
1342,3.0,3.0,-2.5074258,-3.0902345,1.4417012,9.87065
1343,2.0,2.0,-5.4979753,0.03518118,9.734498,0.9731035
1344,2.0,2.0,-5.370446,-0.34255958,10.182068,1.1606734
1345,1.0,1.0,-1.7862774,7.873179,-3.0360649,-4.6276197
1346,2.0,2.0,-3.3656316,-2.0577593,5.2959256,4.315313
1347,0.0,0.0,13.2971945,0.6974039,-1.4024881,-0.32777387
1348,2.0,2.0,-5.9970098,-0.36965454,11.342993,1.2572254
1349,3.0,3.0,-2.6815743,-3.4733217,1.4131306,11.1263075
1350,3.0,3.0,-2.4895425,-3.0130389,1.4141326,9.690988
1351,1.0,1.0,-1.5336953,8.039967,-3.361845,-4.768246
1352,1.0,1.0,-1.1329869,7.533739,-3.350346,-4.4886985
1353,2.0,2.0,-5.614205,-0.7123959,11.187534,1.4345919
1354,2.0,2.0,-5.5010724,-0.6552199,10.868875,1.374621
1355,2.0,2.0,-5.089619,-0.549135,9.891739,1.2734935
1356,2.0,2.0,-5.5882626,-0.7892737,11.181319,1.4947636
1357,1.0,1.0,-0.7131536,5.769387,-2.6587176,-3.425524
1358,0.0,0.0,8.797668,0.62300915,-1.2254462,-0.23380451
1359,3.0,3.0,-0.47136998,-0.6343595,0.3140731,2.1839898
1360,1.0,1.0,-2.0554986,8.055739,-2.9629822,-4.726115
1361,1.0,1.0,-1.5354689,7.8167567,-3.2078815,-4.613468
1362,0.0,0.0,13.409902,0.86055887,-1.7323759,-0.48408657
1363,1.0,1.0,-0.77079844,5.254338,-2.3047242,-3.106743
1364,0.0,0.0,12.282096,1.0670085,-2.0996025,-0.7308417
1365,0.0,0.0,8.042577,1.0952644,-1.9186033,-0.70165616
1366,3.0,3.0,-2.6668906,-3.4699652,1.4155252,11.091009
1367,2.0,2.0,-4.959623,-0.87451136,10.049185,1.5204394
1368,0.0,0.0,13.266115,0.7179292,-1.4528966,-0.27562147
1369,1.0,1.0,-1.4416398,8.379584,-3.603701,-4.971496
1370,3.0,3.0,-2.474234,-3.046185,1.3878444,9.787072
1371,0.0,0.0,8.523165,0.8674989,-1.6088654,-0.5572887
1372,1.0,1.0,-2.1303868,8.182005,-2.9652727,-4.8248124
1373,2.0,2.0,-5.8217006,-0.56531906,11.33951,1.3538333
1374,2.0,2.0,-5.723976,0.5944691,9.339171,0.5723701
1375,2.0,2.0,-5.200027,-0.72172606,10.362736,1.4030904
1376,3.0,3.0,-2.5360408,-3.1543272,1.3877808,10.133489
1377,3.0,3.0,-2.7091942,-3.493366,1.4148331,11.191417
1378,2.0,2.0,-5.9518704,-0.33463466,11.241817,1.1827508
1379,0.0,0.0,11.048454,0.90040195,-1.7562785,-0.59821254
1380,2.0,2.0,-5.619143,-0.40779918,10.682126,1.2503134
1381,1.0,1.0,-0.46288526,7.029424,-3.5716522,-4.2595687
1382,1.0,0.0,1.0602119,5.7591786,-4.068412,-3.7424526
1383,2.0,2.0,-5.9495406,-0.46305722,11.462748,1.279476
1384,2.0,2.0,-5.9424796,-0.4269951,11.268521,1.3058223
1385,3.0,3.0,-2.5394444,-3.1940339,1.394222,10.23003
1386,2.0,2.0,-5.805044,-0.58831334,11.344377,1.3607323
1387,2.0,2.0,-5.8884892,-0.5709808,11.471117,1.3641527
1388,3.0,3.0,-2.6013322,-3.3204195,1.3870487,10.64814
1389,3.0,3.0,-2.2949162,-2.834972,1.2810605,9.119613
1390,0.0,0.0,7.678875,1.4668945,-2.4617586,-0.96781653
1391,3.0,3.0,-2.6823893,-3.4346812,1.4307688,11.007363
1392,2.0,2.0,-4.8954215,-0.8692599,9.903987,1.5149634
1393,1.0,1.0,0.82601845,5.2562075,-3.595122,-3.3790672
1394,1.0,1.0,-2.2002006,8.313628,-2.9712625,-4.854944
1395,1.0,1.0,-1.6955333,8.577928,-3.5247655,-5.0662284
1396,2.0,2.0,-4.9744716,-1.0280513,10.218134,1.6754334
1397,0.0,0.0,13.0221195,0.73033196,-1.4657235,-0.3457361
1398,2.0,2.0,-5.750009,0.4751048,9.600302,0.6427814
1399,2.0,2.0,-5.1893096,-0.776965,10.360753,1.4774659
1400,0.0,0.0,12.315631,0.63996994,-1.313945,-0.17005973
1401,0.0,0.0,12.644371,0.79105276,-1.5987686,-0.39796525
1402,2.0,2.0,-5.7686157,-0.62990123,11.321413,1.3960612
1403,3.0,3.0,-2.3758101,-2.7892954,1.4146943,8.921809
1404,0.0,0.0,10.905979,0.62413037,-1.2387457,-0.23813848
1405,3.0,3.0,-2.5459142,-3.1385922,1.4411359,10.034282
1406,2.0,2.0,-5.9385724,-0.5924883,11.562796,1.387394
1407,2.0,2.0,-5.799558,-0.5253448,11.233863,1.3156903
1408,0.0,0.0,11.937159,0.8054345,-1.6403754,-0.4188519
1409,2.0,2.0,-4.9480014,-0.91657126,10.093112,1.5363117
1410,2.0,2.0,-5.2572856,-0.68450797,10.424744,1.393489
1411,2.0,2.0,-5.828127,-0.3247468,10.966335,1.2035438
1412,3.0,3.0,-2.5423274,-3.1571763,1.4193423,10.099805
1413,2.0,2.0,-5.653362,-0.7097113,11.204697,1.4432213
1414,3.0,3.0,-2.446056,-2.987506,1.369819,9.61254
1415,0.0,0.0,11.735062,0.9479682,-1.8723388,-0.5666011
1416,2.0,2.0,-5.5619326,-0.3016386,10.515125,1.1362102
1417,0.0,0.0,11.800589,0.9380223,-1.8845208,-0.62619597
1418,3.0,3.0,-2.7098312,-3.486653,1.4171177,11.190898
1419,0.0,0.0,9.937607,0.9020432,-1.7147661,-0.49248964
1420,2.0,2.0,-4.992001,-0.58242875,9.719063,1.3293748
1421,2.0,2.0,-5.5096703,-0.47000498,10.546179,1.3085084
1422,2.0,2.0,-5.065538,-0.7687377,10.163574,1.4284205
1423,1.0,1.0,-1.2269291,8.384736,-3.7599452,-4.99719
1424,2.0,2.0,-5.4664226,-0.37512058,10.444572,1.1589987
1425,1.0,1.0,-1.2837349,6.840383,-2.8261385,-4.023705
1426,1.0,1.0,-1.5335641,8.202775,-3.4459312,-4.8605742
1427,0.0,0.0,6.6644564,1.8233057,-2.9194987,-1.2083726
1428,2.0,2.0,-5.5963774,-0.5674993,10.849577,1.3495581
1429,2.0,2.0,-5.098947,-1.0221413,10.436611,1.6877112
1430,3.0,3.0,-2.5738382,-3.2184522,1.3760712,10.356196
1431,0.0,0.0,7.0319285,1.3440791,-2.228414,-0.8890049
1432,1.0,1.0,-1.7637336,7.3350782,-2.7341297,-4.2912307
1433,0.0,0.0,12.207266,0.9574921,-1.8941363,-0.61894923
1434,0.0,0.0,11.346314,1.0299251,-2.004007,-0.6861811
1435,3.0,3.0,-2.329197,-2.7218268,1.4258468,8.553151
1436,0.0,0.0,12.008439,0.7643425,-1.5211893,-0.37373215
1437,3.0,3.0,-2.534813,-3.185001,1.3940445,10.187257
1438,3.0,3.0,-2.629908,-3.4406722,1.3873527,11.044065
1439,2.0,2.0,-4.6812344,-1.0257708,9.633711,1.6676022
1440,3.0,3.0,-2.7253637,-3.5026631,1.4205563,11.269354
1441,1.0,1.0,-1.8661101,7.2096868,-2.6299984,-4.2399783
1442,1.0,1.0,-1.0863515,5.295538,-2.1045687,-3.087658
1443,2.0,2.0,-5.483521,-0.73699623,10.869772,1.4852195
1444,2.0,2.0,-5.215514,-0.6134945,10.213698,1.3415128
1445,3.0,3.0,-2.5937934,-3.3210924,1.3896843,10.612449
1446,2.0,2.0,-5.5360107,-0.4280916,10.598234,1.2160509
1447,2.0,2.0,-5.5305133,-0.5683422,10.841713,1.3115093
1448,2.0,2.0,-5.916097,-0.34475863,11.142947,1.2291865
1449,2.0,2.0,-5.82133,-0.5906813,11.328775,1.3953485
1450,2.0,2.0,-5.4445243,-0.08828102,9.916379,1.0001254
1451,0.0,0.0,13.165651,0.71321535,-1.4545498,-0.33407408
1452,2.0,2.0,-5.747561,0.08693911,10.097116,0.9555241
1453,2.0,2.0,-6.114507,-0.08668576,11.194273,1.0413233
1454,2.0,2.0,-5.4317203,-0.4054482,10.308565,1.2448137
1455,2.0,2.0,-6.0743713,-0.387003,11.550559,1.236492
1456,2.0,2.0,-5.5679536,-0.78243446,11.128222,1.4754795
1457,1.0,1.0,-0.25966138,4.4395776,-2.2433643,-2.6562557
1458,0.0,0.0,12.819873,0.66599363,-1.3420639,-0.27412087
1459,3.0,3.0,-2.58353,-3.329653,1.3706776,10.710603
1460,2.0,2.0,-5.6833706,-0.16981731,10.569567,1.0675985
1461,1.0,1.0,-2.1023731,8.603866,-3.2244346,-5.0348153
1462,3.0,3.0,-2.6420636,-3.393448,1.4035224,10.8830595
1463,0.0,0.0,10.414326,1.3580023,-2.4548225,-0.92517453
1464,2.0,2.0,-5.568892,-0.7918637,11.169481,1.4822627
1465,1.0,1.0,-0.9695649,7.768944,-3.618342,-4.6554413
1466,3.0,3.0,-2.6392474,-3.324864,1.406261,10.6964445
1467,2.0,2.0,-5.63794,-0.5799152,11.045237,1.3341382
1468,2.0,2.0,-5.629045,-0.45054847,10.765188,1.3036833
1469,2.0,2.0,-5.1764,-0.9000741,10.563694,1.5327767
1470,3.0,3.0,-2.4863377,-3.1146712,1.379111,9.93642
1471,0.0,0.0,12.696447,0.7267068,-1.4432472,-0.33132344
1472,0.0,0.0,10.17168,0.72587544,-1.4250093,-0.35602266
1473,0.0,0.0,11.323072,0.99801326,-1.96227,-0.6748894
1474,0.0,0.0,6.6093745,1.4308941,-2.4093056,-0.9490828
1475,2.0,2.0,-5.1726923,-0.11528258,9.424566,0.9926272
1476,3.0,3.0,-2.662315,-3.456456,1.4135987,11.0584545
1477,0.0,0.0,12.10488,0.7423152,-1.4900246,-0.38377386
1478,3.0,3.0,-2.5599117,-3.2720425,1.3714665,10.48652
1479,2.0,2.0,-5.941735,0.038460866,10.658643,0.9534571
1480,2.0,2.0,-4.5737877,-0.8685854,9.276729,1.5131778
1481,1.0,1.0,-0.2790798,6.614942,-3.4867032,-4.0266
1482,2.0,2.0,-6.0095506,-0.51371783,11.621697,1.3347942
1483,0.0,0.0,11.218724,0.97808933,-1.8878541,-0.62689215
1484,2.0,2.0,-5.7452817,-0.32814646,10.817617,1.1774956
1485,2.0,2.0,-5.8882813,-0.3094827,11.041847,1.1897676
1486,3.0,3.0,-2.657978,-3.468647,1.3958658,11.114208
1487,0.0,0.0,12.052113,0.8212363,-1.6347783,-0.47383195
1488,0.0,0.0,5.403048,1.0813652,-1.7482188,-0.67612725
1489,0.0,0.0,12.98012,0.7867936,-1.5613878,-0.3891123
1490,2.0,2.0,-4.9212785,-0.9916011,10.102897,1.6275959
1491,1.0,1.0,-0.85141784,7.0485706,-3.2522125,-4.181165
1492,1.0,1.0,-1.8706874,4.99736,-1.2571456,-2.8216062
1493,2.0,2.0,-5.2513647,-0.8610232,10.647221,1.5019033
1494,3.0,3.0,-2.6042333,-3.4399035,1.3580681,11.0188465
1495,2.0,2.0,-5.6439023,-0.23581897,10.53072,1.0711643
1496,1.0,1.0,-1.5327753,7.487826,-3.011726,-4.4189463
1497,2.0,2.0,-5.4950566,-0.7296539,10.919532,1.4453478
1498,0.0,0.0,12.874549,0.6152501,-1.2518859,-0.2045217
1499,1.0,1.0,-1.4524142,6.978437,-2.8115954,-4.1333137
1500,2.0,2.0,-5.730167,-0.655446,11.274883,1.4272825
1501,2.0,2.0,-5.629855,-0.40070158,10.689582,1.2226915
1502,3.0,3.0,-2.6223416,-3.3734376,1.3857143,10.826498
1503,2.0,2.0,-4.7337656,-0.53297997,9.155213,1.265049
1504,2.0,2.0,-5.586833,-0.61228585,10.941755,1.3789347
1505,2.0,2.0,-4.5842476,-1.0938004,9.421311,1.8096666
1506,0.0,0.0,11.5933895,0.9124838,-1.8156348,-0.584277
1507,1.0,1.0,-3.4713697,6.5257154,-0.38596112,-3.5007746
1508,2.0,2.0,-5.833994,-0.58979684,11.374725,1.368802
1509,0.0,0.0,14.1487255,0.7564043,-1.5410957,-0.34479862
1510,1.0,1.0,-0.7993885,7.1449027,-3.3998284,-4.2769933
1511,0.0,0.0,12.499521,0.8763026,-1.7499609,-0.521035
1512,2.0,2.0,-5.2477403,-0.9207374,10.637019,1.5884415
1513,1.0,1.0,-1.6965461,8.225606,-3.3142295,-4.8523417
1514,0.0,0.0,10.013155,0.71235055,-1.3756318,-0.2878018
1515,3.0,3.0,-2.6160226,-3.3462703,1.3772411,10.752005
1516,2.0,2.0,-4.162581,-1.2359945,8.327024,2.227072
1517,2.0,2.0,-4.084437,-1.1884938,8.401442,1.9725394
1518,3.0,3.0,-2.63522,-3.4586995,1.4029217,11.059569
1519,3.0,3.0,-2.4329576,-3.1001368,1.3008006,9.951222
1520,0.0,0.0,9.325025,0.94655234,-1.7701757,-0.53691155
1521,2.0,2.0,-4.579274,-1.1254965,9.507068,1.7905116
1522,2.0,2.0,-5.9341483,-0.23196404,11.051913,1.1295068
1523,1.0,1.0,-1.5073935,7.124473,-2.821303,-4.198647
1524,2.0,2.0,-4.554054,-1.0307537,9.382383,1.6561399
1525,2.0,2.0,-4.3916245,-1.1928838,8.908033,2.0748222
1526,1.0,1.0,1.6416081,3.5955198,-2.9191399,-2.3883014
1527,3.0,3.0,-2.553381,-3.2605577,1.3388703,10.485988
1528,2.0,2.0,-5.797399,-0.56302184,11.313909,1.3449421
1529,2.0,2.0,-6.1721845,-0.24553119,11.544643,1.1631001
1530,1.0,1.0,-1.4865882,7.2849755,-2.9345157,-4.293882
1531,1.0,1.0,-0.42991173,7.0369086,-3.5768275,-4.2552147
1532,3.0,3.0,-2.287323,-2.8867722,1.2553122,9.268466
1533,2.0,2.0,-5.786013,-0.4629205,11.102608,1.2706597
1534,2.0,2.0,-5.7784286,-0.46048468,11.115046,1.2777925
1535,2.0,2.0,-5.0940785,-0.6771548,10.11288,1.3687632
1536,0.0,0.0,8.279078,1.3407115,-2.3546312,-0.900816
1537,0.0,0.0,10.962997,1.0720513,-2.0801694,-0.69173914
1538,0.0,0.0,12.374793,1.2431842,-2.3767638,-0.8222216
1539,1.0,1.0,0.38202,4.803758,-2.9482443,-3.0077446
1540,3.0,3.0,-2.1874046,-2.533431,1.3188674,8.137982
1541,0.0,0.0,12.502991,0.86908454,-1.7396299,-0.5186935
1542,0.0,0.0,11.85425,0.6380308,-1.2724309,-0.25032622
1543,2.0,2.0,-5.8735833,-0.08933197,10.797474,0.9977916
1544,0.0,0.0,13.864909,0.90173435,-1.8244324,-0.47469527
1545,3.0,3.0,-2.6603432,-3.4524338,1.40229,11.056957
1546,0.0,0.0,11.702412,0.7108474,-1.409017,-0.3261543
1547,3.0,3.0,-2.7545977,-3.5153275,1.4367623,11.285592
1548,1.0,1.0,-2.0992832,7.9110675,-2.8500183,-4.6290393
1549,2.0,2.0,-6.0872397,0.045134798,10.856508,0.9612704
1550,0.0,0.0,10.585743,0.6255404,-1.2722669,-0.23753957
1551,2.0,2.0,-5.397828,-0.15188389,10.009714,1.0176895
1552,3.0,3.0,-2.3576775,-2.8833888,1.3599423,9.206124
1553,2.0,2.0,-5.1057396,-0.08965473,9.343109,0.9479343
1554,2.0,2.0,-5.964604,-0.53406745,11.514914,1.3504357
1555,0.0,0.0,8.96689,0.48544806,-0.94339114,-0.1344996
1556,3.0,3.0,-2.576446,-3.2801979,1.3476554,10.576201
1557,2.0,2.0,-5.9246464,-0.5779291,11.55324,1.3688042
1558,2.0,2.0,-5.210278,-0.76240593,10.427366,1.4548571
1559,0.0,0.0,11.035802,0.92265296,-1.8710898,-0.5697666
1560,2.0,2.0,-5.7011933,-0.6268419,11.196018,1.3917441
1561,3.0,3.0,-2.5428538,-3.2216818,1.3752465,10.320432
1562,1.0,1.0,-1.9250559,8.121321,-3.1011198,-4.768136
1563,2.0,2.0,-5.3559446,-0.2907381,9.988031,1.164213
1564,2.0,2.0,-6.143204,0.13253798,10.852485,0.8900669
1565,2.0,2.0,-4.128913,-1.4270147,8.137991,2.5856655
1566,2.0,2.0,-5.8660703,-0.5162358,11.318091,1.3427236
1567,3.0,3.0,-2.5912447,-3.324864,1.3802774,10.651577
1568,2.0,2.0,-6.212949,-0.4586094,11.901065,1.3138138
1569,2.0,1.0,-4.3493667,3.1671803,4.474206,-1.4434593
1570,1.0,1.0,-1.4571096,6.6433597,-2.6262307,-3.925738
1571,0.0,0.0,8.222479,1.3382071,-2.3698034,-0.9118131
1572,2.0,2.0,-6.028114,-0.4738605,11.573902,1.3008345
1573,3.0,3.0,-2.6629853,-3.405426,1.4209933,10.92929
1574,2.0,2.0,-5.87491,-0.18522327,10.816056,1.0972775
1575,2.0,2.0,-5.1539807,-0.804711,10.373432,1.4765757
1576,2.0,2.0,-5.3520427,-0.32288408,10.161225,1.1430198
1577,1.0,1.0,-1.1087214,7.1195774,-3.1269937,-4.219411
1578,0.0,0.0,12.170418,1.1424555,-2.2187924,-0.77501374
1579,2.0,2.0,-6.0842366,-0.27853155,11.409925,1.1684024
1580,3.0,3.0,-2.4379144,-2.948303,1.4097252,9.440945
1581,2.0,2.0,-6.3087554,-0.3844061,11.961168,1.2738853
1582,2.0,2.0,-5.1508384,-0.74901205,10.298593,1.406498
1583,2.0,2.0,-5.16881,-0.7271167,10.242374,1.4276798
1584,1.0,1.0,-1.1060115,6.5569925,-2.811015,-3.8792746
1585,2.0,2.0,-4.8883977,-0.8786113,9.971624,1.4849484
1586,2.0,2.0,-6.0258393,-0.2573886,11.267247,1.1525887
1587,3.0,3.0,-2.4400315,-2.9065177,1.4623611,9.273986
1588,3.0,3.0,-2.7044625,-3.527281,1.42856,11.279392
1589,1.0,1.0,-1.6668255,8.339383,-3.4187815,-4.920731
1590,3.0,3.0,-2.5829296,-3.2584198,1.3737555,10.470444
1591,3.0,3.0,-2.6174154,-3.2666292,1.4082124,10.483251
1592,1.0,1.0,-1.6422395,8.588252,-3.5576549,-5.083692
1593,1.0,1.0,-1.9577256,8.003318,-2.9750268,-4.6897492
1594,2.0,2.0,-4.6903763,2.3655608,5.784661,-0.8223121
1595,1.0,1.0,-2.0450506,8.493642,-3.1861863,-4.9869056
1596,2.0,2.0,-5.1854544,-0.15219812,9.361027,1.1127093
1597,3.0,3.0,-2.743404,-3.4811974,1.4367708,11.2083645
1598,2.0,2.0,-5.5282207,-0.41215593,10.542305,1.203943
1599,1.0,1.0,-1.4463038,5.8360934,-2.1249757,-3.3979933
1600,2.0,2.0,-6.188838,-0.38698876,11.748112,1.2591648
1601,2.0,2.0,-5.343328,-0.8701939,10.816126,1.5179662
1602,3.0,3.0,-2.659608,-3.3884609,1.4277782,10.856048
1603,2.0,2.0,-5.947766,0.39937472,10.1155405,0.7214653
1604,0.0,0.0,8.51403,1.2155706,-2.25002,-0.83111256
1605,1.0,1.0,-1.7531177,7.315355,-2.7423127,-4.277983
1606,2.0,2.0,-5.945109,-0.5574091,11.553598,1.3547422
1607,0.0,0.0,12.084311,0.869237,-1.7371565,-0.5274351
1608,1.0,1.0,-1.5453476,8.491604,-3.5948017,-5.0225587
1609,0.0,0.0,8.127094,0.6244954,-1.1852587,-0.24594681
1610,1.0,1.0,-1.7347163,7.681807,-2.9634964,-4.489007
1611,1.0,1.0,-1.0272969,7.7165546,-3.5611544,-4.612169
1612,2.0,2.0,-6.1784487,0.062938824,11.056572,0.9886729
1613,2.0,2.0,-5.8613048,0.24128337,10.1752405,0.830162
1614,2.0,2.0,-5.703966,3.6459787,6.325572,-1.5475171
1615,2.0,2.0,-5.481273,0.1704401,9.507947,0.83319867
1616,2.0,2.0,-5.7935457,0.05578579,10.361909,0.9155338
1617,1.0,1.0,-1.6485351,6.5727005,-2.4072533,-3.8665755
1618,2.0,2.0,-5.7919474,-0.7130699,11.473945,1.4555519
1619,2.0,2.0,-5.9521875,-0.09493159,10.790094,1.046219
1620,2.0,2.0,-5.194013,-0.82984465,10.460562,1.496535
1621,1.0,1.0,-1.8612846,8.8112135,-3.5446496,-5.206482
1622,2.0,2.0,-5.7048197,-0.6726194,11.217365,1.4276274
1623,3.0,3.0,-2.5609026,-3.2205565,1.3766614,10.36137
1624,3.0,3.0,-2.4832025,-3.1085665,1.3794414,9.919342
1625,2.0,2.0,-5.9535975,-0.3530624,11.238178,1.2068739
1626,2.0,2.0,-5.604936,-0.6969317,11.049381,1.4523221
1627,2.0,2.0,-6.394876,-0.11808692,11.735336,1.1060408
1628,0.0,0.0,11.8034,0.9472789,-1.8995477,-0.61450607
1629,2.0,2.0,-5.8075557,-0.7258201,11.517254,1.4724271
1630,2.0,2.0,-6.1934824,-0.33148742,11.679016,1.2451307
1631,0.0,0.0,14.118731,0.69470227,-1.4239988,-0.290124
1632,0.0,0.0,11.095545,0.99050456,-1.9147532,-0.6727062
1633,0.0,0.0,12.664543,0.72967786,-1.4609431,-0.34950858
1634,2.0,2.0,-5.4839854,-0.7713877,10.991077,1.4650602
1635,2.0,2.0,-5.4088473,-0.29869217,10.155019,1.1393799
1636,2.0,2.0,-5.7625537,-0.102916524,10.58453,1.0326754
1637,2.0,2.0,-5.7903266,0.29036003,10.072237,0.7567449
1638,3.0,3.0,-2.695725,-3.4310167,1.4244027,11.0202875
1639,3.0,3.0,-2.681262,-3.4514844,1.4111083,11.060695
1640,3.0,3.0,-2.6234765,-3.4127004,1.380085,10.948546
1641,2.0,2.0,-5.83789,-0.07981597,10.706263,1.0158666
1642,0.0,0.0,8.524999,1.169706,-2.0783124,-0.7442458
1643,2.0,2.0,-6.1839023,-0.33717787,11.693775,1.2365459
1644,2.0,2.0,-5.7073684,-0.48670608,10.963624,1.2834744
1645,1.0,1.0,-1.8213283,6.1543946,-2.002945,-3.557779
1646,1.0,1.0,-1.5537062,7.634395,-3.1120255,-4.5255523
1647,2.0,2.0,-5.1997504,-0.16879503,9.43362,1.1024729
1648,2.0,2.0,-4.74917,-0.43898654,9.033983,1.2315019
1649,2.0,2.0,-5.7006764,-0.4922803,11.012441,1.2854569
1650,2.0,2.0,-5.000563,-0.9219099,10.2054825,1.5478227
1651,2.0,2.0,-5.2298923,-0.7829366,10.510329,1.4442134
1652,2.0,2.0,-5.538785,-0.7543292,11.057161,1.468236
1653,3.0,3.0,-2.6578522,-3.414546,1.4153016,10.920943
1654,1.0,1.0,-1.6984639,7.9988394,-3.203834,-4.723666
1655,0.0,0.0,12.307989,0.9204885,-1.7904437,-0.56414014
1656,2.0,2.0,-4.8778415,-0.89511144,9.90798,1.5464034
1657,0.0,0.0,10.386581,1.284999,-2.3091078,-0.8863686
1658,2.0,2.0,-5.133639,-0.69024074,10.062161,1.4433179
1659,2.0,2.0,-5.2125397,-0.6429517,10.133624,1.4067962
1660,2.0,2.0,-5.0516386,-0.6771808,10.014828,1.3462442
1661,1.0,1.0,-0.5312723,5.867466,-2.8518534,-3.5049624
1662,3.0,3.0,-2.7416801,-3.5217993,1.4395033,11.297554
1663,0.0,0.0,9.257668,0.37007266,-0.74012464,0.0027765725
1664,1.0,1.0,-2.0784502,8.906119,-3.3954732,-5.234246
1665,2.0,2.0,-4.9481864,-0.84462434,10.036208,1.4648032
1666,2.0,2.0,-5.8629537,-0.5793349,11.422211,1.3592225
1667,1.0,1.0,-1.7761048,5.7545094,-1.7884187,-3.3056319
1668,1.0,1.0,-0.8276355,6.3227067,-2.9080987,-3.7604713
1669,1.0,1.0,-1.6326746,6.146112,-2.1588035,-3.5689013
1670,2.0,2.0,-4.834601,-0.043127105,8.756908,0.9292796
1671,0.0,0.0,10.359649,0.96144915,-1.8265209,-0.6377153
1672,3.0,3.0,-2.2546635,-2.673298,1.351187,8.577376
1673,2.0,2.0,-4.6771655,-0.6286451,9.244896,1.2948072
1674,2.0,2.0,-4.278237,-1.1780517,8.750908,2.01077
1675,2.0,2.0,-6.0710225,-0.4948476,11.694523,1.3308249
1676,2.0,2.0,-5.350225,-0.7253324,10.662546,1.4184699
1677,1.0,1.0,-1.315257,8.623996,-3.8565617,-5.1401544
1678,3.0,3.0,-2.406601,-2.6757963,1.5843683,8.136628
1679,0.0,0.0,11.806667,0.8366668,-1.6622026,-0.50073534
1680,3.0,3.0,-2.472324,-3.0647786,1.3992052,9.791943
1681,1.0,1.0,-1.0793221,7.3580775,-3.3140044,-4.3835354
1682,2.0,2.0,-5.57807,-0.06902455,10.209269,0.9936491
1683,2.0,2.0,-5.485204,-0.50732154,10.597339,1.296382
1684,1.0,1.0,-1.5914671,7.7495418,-3.1164703,-4.5676117
1685,1.0,1.0,1.6677414,4.181861,-3.3291934,-2.7808416
1686,1.0,1.0,-1.8119366,8.564724,-3.4364648,-5.059089
1687,2.0,2.0,-5.572721,-0.6910058,11.026749,1.4118676
1688,1.0,1.0,-0.82954615,4.0215354,-1.576582,-2.3261342
1689,2.0,2.0,-5.4720883,-0.7013103,10.877634,1.4069036
1690,2.0,2.0,-5.992048,-0.36346948,11.373113,1.2241906
1691,0.0,0.0,12.916281,0.8237536,-1.6571245,-0.45245367
1692,2.0,2.0,-5.2571235,-0.8796202,10.661307,1.5269656
1693,1.0,1.0,-2.5873556,7.890241,-2.3440764,-4.5368705
1694,2.0,2.0,-4.6812816,-1.0233306,9.649878,1.6648542
1695,1.0,1.0,-1.2673603,7.700972,-3.3645844,-4.5776544
1696,2.0,2.0,-5.5763164,-0.7407428,11.026749,1.4905057
1697,3.0,3.0,-2.5872908,-3.2945912,1.3496709,10.610303
1698,2.0,2.0,-6.133653,-0.29440534,11.555038,1.198451
1699,0.0,0.0,11.107454,0.8707174,-1.744945,-0.49575526
1700,2.0,2.0,-4.821839,-1.0185562,9.82263,1.7214109
1701,3.0,3.0,-2.4076219,-2.7950766,1.4571823,8.883735
1702,2.0,2.0,-5.3436127,-0.7745746,10.661816,1.4908965
1703,3.0,3.0,-2.649291,-3.4014156,1.3996706,10.893587
1704,2.0,2.0,-6.089891,-0.15408932,11.223107,1.0850401
1705,3.0,3.0,-2.5183058,-3.282698,1.308885,10.502734
1706,3.0,3.0,-2.576654,-3.273394,1.4109199,10.464641
1707,0.0,0.0,6.6042266,0.8971967,-1.5571976,-0.5503455
1708,2.0,2.0,-6.126353,-0.21242414,11.342396,1.1337926
1709,2.0,2.0,-5.6425357,-0.5911008,11.057344,1.3421152
1710,2.0,2.0,-5.5410275,-0.7549715,11.032238,1.468324
1711,2.0,2.0,-6.125324,-0.40538555,11.659208,1.2704892
1712,2.0,2.0,-5.67773,-0.61268085,11.117841,1.3730298
1713,2.0,2.0,-5.745481,-0.12838785,10.629076,1.0455348
1714,2.0,2.0,-5.911001,-0.48882037,11.374242,1.307017
1715,2.0,2.0,-5.76013,-0.49654704,11.1467,1.2754645
1716,0.0,0.0,11.088364,0.82894194,-1.6620117,-0.46965104
1717,2.0,2.0,-5.5445805,-0.78887564,11.085745,1.4917848
1718,2.0,2.0,-5.514049,-0.4992658,10.648975,1.2628427
1719,2.0,2.0,-5.720062,-0.43395782,10.993559,1.2438425
1720,3.0,3.0,-2.4356537,-3.0050924,1.4078891,9.578423
1721,0.0,0.0,10.81289,1.3971928,-2.4799056,-0.95313984
1722,3.0,3.0,-2.5684547,-3.269212,1.3784142,10.474329
1723,0.0,0.0,11.701019,0.808495,-1.5918627,-0.47206908
1724,3.0,3.0,-2.6817608,-3.4581969,1.4121757,11.101756
1725,1.0,1.0,-0.5837403,7.187906,-3.5482094,-4.3210506
1726,1.0,1.0,-1.176838,5.0257835,-1.8607231,-2.9237092
1727,2.0,2.0,-4.894384,-0.80393004,9.844533,1.4293863
1728,0.0,0.0,12.098471,0.80794626,-1.6235868,-0.45740014
1729,2.0,2.0,-5.6204667,-0.71382385,11.16113,1.4420266
1730,2.0,2.0,-6.1415305,-0.34762198,11.640686,1.2241379
1731,2.0,2.0,-5.0079074,-0.7745138,10.029984,1.4492072
1732,2.0,2.0,-5.9108787,-0.5381262,11.40416,1.3734462
1733,2.0,2.0,-5.1797786,-0.6124456,10.172707,1.3315973
1734,1.0,1.0,-2.1663108,8.029028,-2.8531427,-4.6966286
1735,2.0,2.0,-5.565971,-0.20997302,10.389589,1.0755541
1736,1.0,1.0,-1.8328996,7.695437,-2.9014163,-4.5041513
1737,2.0,2.0,-6.0355916,-0.41625845,11.500052,1.285885
1738,2.0,2.0,-5.9412494,-0.5423577,11.540167,1.3443196
1739,2.0,2.0,-5.5553737,-0.6187109,10.902674,1.3795818
1740,0.0,0.0,11.246137,0.60605776,-1.1889942,-0.24460392
1741,1.0,1.0,-1.6530071,6.879953,-2.569692,-4.0082974
1742,2.0,2.0,-5.5236297,-0.6981445,10.960065,1.4397459
1743,3.0,3.0,-2.5842385,-3.2315989,1.4009988,10.385166
1744,2.0,2.0,-5.843344,-0.57407206,11.326527,1.3773859
1745,2.0,2.0,-5.9827228,-0.44707584,11.42953,1.2778674
1746,2.0,2.0,-5.6328053,-0.6953802,11.167746,1.432098
1747,1.0,1.0,-1.2654365,7.0039353,-2.9592738,-4.1245656
1748,1.0,1.0,-1.2862854,7.8438168,-3.4217334,-4.6602454
1749,1.0,1.0,-1.3370898,7.4565644,-3.1757793,-4.417724
1750,2.0,2.0,-4.9657063,-0.82415336,9.977675,1.4920894
1751,0.0,0.0,8.630656,0.9127426,-1.7164696,-0.53776747
1752,1.0,1.0,-1.9407107,8.3592005,-3.1891217,-4.9028115
1753,1.0,1.0,-2.3743267,8.63659,-2.9968843,-5.042454
1754,2.0,2.0,-5.8890533,-0.121549115,10.81638,1.0356679
1755,1.0,1.0,-1.5757335,8.046309,-3.3093512,-4.7536035
1756,2.0,2.0,-5.6325035,-0.21092127,10.429427,1.1055516
1757,0.0,0.0,6.469333,1.841761,-2.946379,-1.2416983
1758,2.0,2.0,-4.93971,-0.99988544,10.104602,1.6864686
1759,2.0,2.0,-5.385715,-0.43482345,10.25266,1.2395386
1760,0.0,0.0,9.29895,0.9723112,-1.8617418,-0.6310416
1761,1.0,1.0,-2.8801079,7.6282496,-1.9954783,-4.362486
1762,2.0,2.0,-6.123221,-0.50011677,11.802364,1.3529607
1763,2.0,2.0,-4.848825,-1.0163167,9.983028,1.6555836
1764,0.0,0.0,10.155208,1.1508409,-2.129027,-0.7895779
1765,2.0,2.0,-5.4372916,0.10940166,9.621769,0.8458288
1766,1.0,1.0,-1.9429063,8.575162,-3.3289037,-5.0482936
1767,2.0,2.0,-5.715637,-0.3988706,10.849505,1.2228391
1768,0.0,0.0,5.291167,1.6094385,-2.51578,-1.0594376
1769,2.0,2.0,-5.4418054,-0.7667607,10.866735,1.4729668
1770,2.0,2.0,-5.045755,-0.71929467,9.9973545,1.4589107
1771,2.0,2.0,-5.5040946,-0.2561059,10.343385,1.1153809
1772,1.0,1.0,-1.1776036,6.0660605,-2.4490368,-3.555352
1773,2.0,2.0,-5.633424,-0.6295738,11.08758,1.3815564
1774,1.0,1.0,-0.72579944,6.967557,-3.3014393,-4.1506453
1775,3.0,3.0,-2.5822806,-3.291379,1.3936822,10.553506
1776,2.0,2.0,-5.6044927,-0.17321835,10.416952,1.0440171
1777,1.0,1.0,-1.6327848,7.476789,-2.9602947,-4.414786
1778,3.0,3.0,-2.5815816,-3.2630928,1.375663,10.495802
1779,2.0,2.0,-5.702298,-0.5617352,11.097979,1.347436
1780,2.0,2.0,-5.8193135,0.27756965,10.112322,0.77474266
1781,2.0,2.0,-5.606054,-0.7497634,11.10973,1.4864953
1782,2.0,2.0,-5.8945117,-0.57263434,11.415915,1.4155751
1783,0.0,0.0,10.545456,1.3404633,-2.4606771,-0.92561203
1784,1.0,1.0,-0.79167145,6.7447004,-3.1446037,-4.0211625
1785,2.0,2.0,-5.9153314,-0.1299889,10.774,1.0992568
1786,1.0,1.0,-1.8972181,8.288665,-3.1983268,-4.8789363
1787,0.0,0.0,9.892781,0.6104174,-1.235295,-0.2478991
1788,1.0,1.0,-1.2744771,7.3851714,-3.1650474,-4.3792186
1789,2.0,2.0,-5.3169246,-0.86018246,10.750139,1.5391505
1790,2.0,2.0,-5.0707374,-0.90170324,10.31196,1.5377581
1791,3.0,3.0,-2.665987,-3.4740183,1.3842525,11.1575
1792,2.0,2.0,-5.959152,-0.15276836,10.987645,1.1192262
1793,0.0,0.0,13.633591,0.6899623,-1.3849965,-0.27756935
1794,1.0,1.0,-2.0294628,7.6286397,-2.6767917,-4.4488373
1795,2.0,2.0,-5.18827,-0.8228939,10.472241,1.4821193
1796,3.0,3.0,-2.5396595,-3.2186813,1.3511343,10.334117
1797,2.0,2.0,-4.9458303,-0.880371,9.955403,1.572469
1798,2.0,2.0,-5.5767307,-0.6817898,11.036804,1.4061464
1799,2.0,2.0,-5.8642573,-0.46512055,11.273547,1.2778652
1800,1.0,1.0,-1.6833829,8.139192,-3.2797718,-4.8099313
1801,2.0,2.0,-5.983492,-0.36603993,11.365895,1.2085828
