date,Model_name,Batch_size,Resolution,No. training,No. testing,Training Epoch,More,box_loss,obj_loss,cls_loss,precision,recall,mAP_0.5,mAP_0.5:0.95,No. star,No. BH,Time,BH_lower_size,BH_upper_size,init_size,wavelength,D,F,angular_pixel_size_input_image,CCD_pixel_size,CCD_pixel_count,noise_radius
2024-01-15_08-31-37,yolov5,32,1000,,,200,,0.010316,0.07031,0.0014644,0.91629,0.8003,0.85003,0.48897,,,,,,,,,,,,,
2024-01-15_13-43-25,yolov5,32,900,,,300,,0.008457,0.055789,0.00090986,0.92695,0.8252,0.877,0.44288,,,,,,,,,,,,,
2024-01-18_14-59-05,yolov5,16,1000,,,300,,0.0099936,0.083809,0.00067186,0.94751,0.82233,0.88315,0.549,,,,,,,,,,,,,
2024-01-18_17-38-36,yolov7,8,800,400.0,100.0,300,,0.03508,0.01708,0.001179,0.9104,0.8104,0.8244,0.3921,100.0,10.0,,,,,,,,,,,
2024-01-18_21-19-40,yolov5,16,1000,800.0,200.0,300,,0.0099936,0.083809,0.00067186,0.94751,0.82233,0.88315,0.549,20.0,10.0,,,,,,,,,,,
2024-01-18_23-03-06,yolov5,16,1000,4000.0,1000.0,2000,,0.0097918,0.080352,0.00059147,0.9522,0.84485,0.89292,0.57115,20.0,10.0,1903.525178,,,,,,,,,,
2024-01-19_09-33-44,yolov5,16,1000,4000.0,1000.0,250,,0.010062,0.084277,0.00071697,0.94341,0.81718,0.87528,0.53188,20.0,10.0,1464.442135,,,,,,,,,,
2024-01-19_20-42-32,yolov5,16,1000,8000.0,2000.0,200,,0.0050501,0.0055578,0.00010361,0.96955,0.89413,0.92392,0.73457,10.0,1.0,22788.76366,,,,,,,,,,
2024-01-20_09-44-30,yolov5,16,1000,800.0,200.0,200,,0.0086869,0.026217,0.00045825,0.96745,0.8941,0.91481,0.63224,20.0,10.0,2349.951691,,,,,,,,,,
2024-01-20_11-05-05,yolov5,16,1000,4000.0,1000.0,200,,0.0061753,0.0197,0.00028423,0.98042,0.9037,0.93779,0.75089,20.0,10.0,24697.72568,,,,,,,,,,
2024-01-22_19-10-21,yolov5,16,1024,800.0,200.0,200,,0.026164,0.017711,0.0038417,0.73705,0.24859,0.22202,0.071071,10.0,1.0,6.75777577,,,,,,,,,,
2024-01-22_19-11-28,yolov5,16,1024,800.0,200.0,200,,0.018099,0.60629,0.0018679,0.83959,0.28968,0.53986,0.30896,10.0,1.0,1944.494302,,,,,,,,,,
2024-01-22_21-59-04,yolov5,16,1024,4000.0,1000.0,1000,,0.018131,0.59711,0.0029192,0.83533,0.53625,0.58791,0.30006,10.0,1.0,5881.74942,,,,,,,,,,
2024-01-23_14-38-38,yolov5,16,1024,4000.0,1000.0,1000,,0.0,0.0,0.0,0.0,0.0,0.0,0.0,10.0,1.0,6.626419833,,,,,,,,,,
2024-01-24_22-35-21,yolov5,16,1024,400.0,100.0,100,,0.013458,0.032129,0.0014513,0.9826,0.92309,0.94868,0.65893,10.0,1.0,4524.368536,64.0,75.0,3072.0,5e-08,6.5,131.4,,,,
2024-01-25_10-36-29,yolov5,16,1024,400.0,100.0,100,,0.015844,0.35476,0.0021111,0.93321,0.72592,0.86938,0.649,10.0,1.0,981.921202,64.0,75.0,,5e-08,6.5,131.4,0.00012,7.64e-08,3072.0,
2024-01-25_11-11-38,yolov5,16,1024,400.0,100.0,300,,0.012634,0.21916,0.0016386,0.93128,0.81988,0.89551,0.63842,10.0,1.0,2161.932862,64.0,75.0,,5e-08,6.5,131.4,0.0001,6.37e-08,3072.0,
2024-01-25_13-20-31,yolov5,16,1024,400.0,100.0,200,,0.014579,0.24963,0.0017975,0.91552,0.80163,0.90055,0.65303,10.0,1.0,1430.769222,64.0,75.0,,5e-08,6.5,131.4,0.0001,6.37e-08,3072.0,
2024-01-25_15-12-47,yolov5,16,1024,400.0,100.0,200,,0.010991,0.28286,0.0027337,0.79535,0.72408,0.88177,0.64328,10.0,1.0,1277.885473,64.0,75.0,,1e-07,6.5,131.4,0.0001,6.37e-08,3072.0,
2024-01-25_16-35-26,yolov5,16,1024,400.0,100.0,200,,0.010648,0.96122,0.00093918,0.63633,0.66113,0.87324,0.64518,10.0,1.0,1403.037517,64.0,75.0,3072.0,1e-07,6.5,131.4,0.00012,7.64e-08,3072.0,
2024-01-25_19-11-04,yolov5,16,1024,400.0,100.0,200,,0.016537,0.070339,0.0027102,0.90539,0.66841,0.84523,0.5288,10.0,1.0,1446.897753,64.0,75.0,3072.0,1e-07,6.5,131.4,8e-05,5.1e-08,3072.0,
2024-01-25_21-41-52,yolov5,16,1024,400.0,100.0,200,,0.016614,0.024735,0.0081455,0.92369,0.4245,0.65467,0.40356,10.0,1.0,1010.847897,64.0,75.0,3072.0,1e-07,6.5,131.4,6e-05,3.82e-08,3072.0,
2024-01-26_10-54-37,yolov5,16,1024,800.0,200.0,100,,0.021704,0.021193,0.012717,0.55387,0.64861,0.60519,0.31069,10.0,1.0,1205.58391,64.0,75.0,3072.0,1e-07,6.5,131.4,5.5e-05,3.5e-08,3072.0,
2024-01-26_11-21-12,yolov5,16,1024,800.0,200.0,100,,0.018749,0.024162,0.008262,0.62542,0.5109,0.56864,0.32093,10.0,1.0,1202.105572,64.0,75.0,3072.0,1e-07,6.5,131.4,4.5e-05,2.87e-08,3072.0,
2024-01-26_14-15-10,yolov5,16,1024,800.0,200.0,100,,0.019518,0.024605,0.0076021,0.58108,0.5735,0.52674,0.29897,10.0,1.0,1223.625638,64.0,75.0,3072.0,1e-07,6.5,131.4,4e-05,2.55e-08,3072.0,
2024-01-26_22-21-18,yolov5,16,1024,800.0,200.0,100,,0.024349,0.030619,0.0072011,0.62491,0.54475,0.53846,0.2436,10.0,1.0,2545.783255,64.0,75.0,3072.0,1e-07,6.5,131.4,3.5e-05,2.23e-08,3072.0,
2024-01-26_23-11-10,yolov5,16,1024,800.0,200.0,100,,0.031664,0.032917,0.0073818,0.54014,0.47626,0.45547,0.17936,10.0,1.0,1684.881191,64.0,75.0,3072.0,1e-07,6.5,131.4,3e-05,1.91e-08,3072.0,
2024-01-26_23-41-05,yolov5,16,1024,800.0,200.0,100,,0.039773,0.036713,0.007042,0.4277,0.4295,0.31348,0.098152,10.0,1.0,28946.45848,64.0,75.0,3072.0,1e-07,6.5,131.4,2.5e-05,1.59e-08,3072.0,
2024-01-27_11-33-57,yolov5,16,1024,800.0,200.0,100,,0.044561,0.044496,0.0069845,0.3579,0.3535,0.21498,0.047415,10.0,1.0,3180.676013,64.0,75.0,3072.0,1e-07,6.5,131.4,2e-05,1.27e-08,3072.0,
2024-02-14_16-20-41,yolov5,16,1024,2400.0,600.0,10,,0.01585,0.019664,0.0072268,0.49253,0.79354,0.54701,0.34428,10.0,1.0,6086.809282,30.0,50.0,3072.0,1e-07,6.5,131.4,5e-05,3.19e-08,3072.0,
2024-02-14_18-54-32,yolov5,16,1024,2400.0,600.0,10,,0.01585,0.019664,0.0072268,0.49253,0.79354,0.54701,0.34428,10.0,1.0,3891.619878,30.0,50.0,3072.0,1e-07,6.5,131.4,5e-05,3.19e-08,3072.0,
2024-02-14_20-46-31,yolov5,8,1024,2400.0,600.0,10,,0.017778,0.020335,0.0072961,0.50905,0.73333,0.55832,0.31029,10.0,1.0,515.985235,30.0,50.0,3072.0,1e-07,6.5,131.4,5e-05,3.19e-08,3072.0,
2024-02-14_20-55-07,yolov5,8,1024,2400.0,600.0,10,,0.020213,0.021853,0.0074868,0.45431,0.94542,0.56761,0.29026,10.0,1.0,509.1180323,30.0,50.0,3072.0,1e-07,6.5,131.4,6e-05,3.82e-08,3072.0,
2024-02-14_21-03-37,yolov5,8,1024,2400.0,600.0,10,,0.020342,0.021187,0.0074764,0.48164,0.94021,0.60206,0.32323,10.0,1.0,522.9796717,30.0,50.0,3072.0,1e-07,6.5,131.4,7e-05,4.46e-08,3072.0,
2024-02-14_21-12-20,yolov5,8,1024,2400.0,600.0,10,,0.019123,0.023493,0.006569,0.4892,0.92958,0.59582,0.31295,10.0,1.0,524.8136174,30.0,50.0,3072.0,1e-07,6.5,131.4,8e-05,5.1e-08,3072.0,
2024-02-14_21-21-04,yolov5,8,1024,2400.0,600.0,10,,0.022416,0.022756,0.0065589,0.48484,0.87708,0.64105,0.31909,10.0,1.0,522.684012,30.0,50.0,3072.0,1e-07,6.5,131.4,9e-05,5.73e-08,3072.0,
2024-02-14_21-32-38,yolov5,8,1024,2400.0,600.0,10,,0.017778,0.020335,0.0072961,0.50905,0.73333,0.55832,0.31029,10.0,1.0,525.4012952,30.0,50.0,3072.0,1e-07,6.5,131.4,5e-05,3.19e-08,3072.0,
2024-02-14_21-41-24,yolov5,8,1024,2400.0,600.0,10,,0.020213,0.021853,0.0074868,0.45431,0.94542,0.56761,0.29026,10.0,1.0,510.9724571,30.0,50.0,3072.0,1e-07,6.5,131.4,6e-05,3.82e-08,3072.0,
2024-02-14_21-49-55,yolov5,8,1024,2400.0,600.0,10,,0.020342,0.021187,0.0074764,0.48164,0.94021,0.60206,0.32323,10.0,1.0,507.883026,30.0,50.0,3072.0,1e-07,6.5,131.4,7e-05,4.46e-08,3072.0,
2024-02-14_21-58-23,yolov5,8,1024,2400.0,600.0,10,,0.019123,0.023493,0.006569,0.4892,0.92958,0.59582,0.31295,10.0,1.0,509.088983,30.0,50.0,3072.0,1e-07,6.5,131.4,8e-05,5.1e-08,3072.0,
2024-02-14_22-06-52,yolov5,8,1024,2400.0,600.0,10,,0.022416,0.022756,0.0065589,0.48484,0.87708,0.64105,0.31909,10.0,1.0,1372.407346,30.0,50.0,3072.0,1e-07,6.5,131.4,9e-05,5.73e-08,3072.0,
2024-02-14_22-29-44,yolov5,8,1024,2400.0,600.0,10,,0.018952,0.024938,0.007096,0.46691,0.92646,0.69582,0.37089,10.0,1.0,509.0704382,30.0,50.0,3072.0,1e-07,6.5,131.4,0.0001,6.37e-08,3072.0,
2024-02-14_22-38-14,yolov5,8,1024,2400.0,600.0,10,,0.018737,0.022557,0.0072252,0.4852,0.88833,0.67813,0.35849,10.0,1.0,537.4692152,30.0,50.0,3072.0,1e-07,6.5,131.4,0.00011,7.01e-08,3072.0,
2024-02-14_22-47-11,yolov5,8,1024,2400.0,600.0,10,,0.019704,0.023287,0.0065492,0.50045,0.88271,0.69927,0.33708,10.0,1.0,529.8800701,30.0,50.0,3072.0,1e-07,6.5,131.4,0.00012,7.64e-08,3072.0,
2024-02-14_22-56-01,yolov5,8,1024,2400.0,600.0,10,,0.016928,0.022056,0.007241,0.52207,0.83292,0.69149,0.37378,10.0,1.0,518.1626563,30.0,50.0,3072.0,1e-07,6.5,131.4,0.00013,8.28e-08,3072.0,
2024-02-14_23-04-39,yolov5,8,1024,2400.0,600.0,10,,0.02238,0.027223,0.0073533,0.51663,0.83708,0.70899,0.2948,10.0,1.0,517.9140409,30.0,50.0,3072.0,1e-07,6.5,131.4,0.00014,8.92e-08,3072.0,
2024-02-14_23-13-17,yolov5,8,1024,2400.0,600.0,10,,0.016775,0.022785,0.0054366,0.56938,0.75875,0.68926,0.35677,10.0,1.0,517.6493813,30.0,50.0,3072.0,1e-07,6.5,131.4,0.00015,9.56e-08,3072.0,
2024-02-14_23-21-55,yolov5,8,1024,2400.0,600.0,10,,0.018909,0.026391,0.0054985,0.53124,0.77271,0.6584,0.33023,10.0,1.0,522.0679486,30.0,50.0,3072.0,1e-07,6.5,131.4,0.00016,1.02e-07,3072.0,
2024-02-14_23-30-37,yolov5,8,1024,2400.0,600.0,10,,0.019877,0.024389,0.0048482,0.90284,0.62713,0.72962,0.39913,10.0,1.0,714.5794234,30.0,50.0,3072.0,1e-07,6.5,131.4,0.00017,1.08e-07,3072.0,
2024-02-14_23-42-32,yolov5,8,1024,2400.0,600.0,10,,0.021083,0.025973,0.005431,0.76425,0.67542,0.73461,0.33814,10.0,1.0,535.7127607,30.0,50.0,3072.0,1e-07,6.5,131.4,0.00018,1.15e-07,3072.0,
2024-02-14_23-51-28,yolov5,8,1024,2400.0,600.0,10,,0.02019,0.025918,0.0045809,0.88008,0.67792,0.77147,0.37738,10.0,1.0,537.8479237,30.0,50.0,3072.0,1e-07,6.5,131.4,0.00019,1.21e-07,3072.0,
2024-02-15_00-08-53,yolov5,8,1024,2400.0,600.0,300,,0.013246,0.018415,0.0063184,0.70061,0.63239,0.70782,0.45943,10.0,1.0,4982.995892,30.0,50.0,3072.0,1e-07,6.5,131.4,5e-05,3.19e-08,3072.0,
2024-02-15_09-55-12,yolov5,8,1024,2400.0,600.0,300,,0.013246,0.018415,0.0063184,0.70061,0.63239,0.70782,0.45943,10.0,1.0,5015.185827,30.0,50.0,3072.0,1e-07,6.5,131.4,5e-05,3.19e-08,3072.0,
2024-02-15_11-18-47,yolov5,8,1024,2400.0,600.0,300,,0.013931,0.020136,0.012649,0.54035,0.90273,0.74824,0.4604,10.0,1.0,5883.035633,30.0,50.0,3072.0,1e-07,6.5,131.4,6e-05,3.82e-08,3072.0,
2024-02-15_12-56-50,yolov5,8,1024,2400.0,600.0,300,,0.017918,0.020986,0.0056462,0.78045,0.65488,0.77091,0.43978,10.0,1.0,3967.101249,30.0,50.0,3072.0,1e-07,6.5,131.4,7e-05,4.46e-08,3072.0,
2024-02-15_14-02-58,yolov5,8,1024,2400.0,600.0,300,,0.017966,0.024548,0.012936,0.50945,0.91563,0.71347,0.43235,10.0,1.0,3952.770894,30.0,50.0,3072.0,1e-07,6.5,131.4,8e-05,5.1e-08,3072.0,
2024-02-15_15-08-50,yolov5,8,1024,2400.0,600.0,300,,0.010846,0.016645,0.0028498,0.90027,0.71322,0.79782,0.55122,10.0,1.0,9886.078177,30.0,50.0,3072.0,1e-07,6.5,131.4,9e-05,5.73e-08,3072.0,
2024-02-15_17-53-37,yolov5,8,1024,2400.0,600.0,300,,0.022276,0.02621,0.010019,0.67957,0.65607,0.75626,0.37768,10.0,1.0,3898.910765,30.0,50.0,3072.0,1e-07,6.5,131.4,0.0001,6.37e-08,3072.0,
2024-02-15_18-58-36,yolov5,8,1024,2400.0,600.0,300,,0.017701,0.023117,0.0064913,0.75911,0.66792,0.72531,0.42726,10.0,1.0,3793.687056,30.0,50.0,3072.0,1e-07,6.5,131.4,0.00011,7.01e-08,3072.0,
2024-02-15_20-01-49,yolov5,8,1024,2400.0,600.0,300,,0.019137,0.023188,0.0057536,0.78867,0.66167,0.72105,0.34581,10.0,1.0,3786.408865,30.0,50.0,3072.0,1e-07,6.5,131.4,0.00012,7.64e-08,3072.0,
2024-02-15_21-04-56,yolov5,8,1024,2400.0,600.0,300,,0.017993,0.021851,0.0051638,0.86168,0.66604,0.76909,0.42907,10.0,1.0,3831.122254,30.0,50.0,3072.0,1e-07,6.5,131.4,0.00013,8.28e-08,3072.0,
2024-02-15_22-08-47,yolov5,8,1024,2400.0,600.0,300,,0.021598,0.024593,0.006636,0.89407,0.67208,0.76257,0.40622,10.0,1.0,3865.465955,30.0,50.0,3072.0,1e-07,6.5,131.4,0.00014,8.92e-08,3072.0,
2024-02-15_23-13-13,yolov5,8,1024,2400.0,600.0,300,,0.017139,0.022153,0.0065762,0.84784,0.69458,0.77712,0.43928,10.0,1.0,3758.673336,30.0,50.0,3072.0,1e-07,6.5,131.4,0.00015,9.56e-08,3072.0,
2024-02-16_00-15-52,yolov5,8,1024,2400.0,600.0,300,,0.020843,0.023443,0.0068374,0.74702,0.60827,0.80529,0.41823,10.0,1.0,3877.069211,30.0,50.0,3072.0,1e-07,6.5,131.4,0.00016,1.02e-07,3072.0,
2024-02-16_01-20-29,yolov5,8,1024,2400.0,600.0,300,,0.023139,0.026407,0.0047413,0.87108,0.65707,0.75365,0.35729,10.0,1.0,3777.05014,30.0,50.0,3072.0,1e-07,6.5,131.4,0.00017,1.08e-07,3072.0,
2024-02-16_02-23-26,yolov5,8,1024,2400.0,600.0,300,,0.023283,0.024465,0.004826,0.85103,0.69129,0.77875,0.42111,10.0,1.0,3777.821204,30.0,50.0,3072.0,1e-07,6.5,131.4,0.00018,1.15e-07,3072.0,
2024-02-16_03-26-24,yolov5,8,1024,2400.0,600.0,300,,0.023446,0.024594,0.0053113,0.88519,0.73792,0.81898,0.44566,10.0,1.0,3771.500311,30.0,50.0,3072.0,1e-07,6.5,131.4,0.00019,1.21e-07,3072.0,
2024-02-19_09-46-10,yolov5,8,1024,2400.0,600.0,300,,0.029117,0.027793,0.0068438,0.41333,0.49,0.43979,0.22234,10.0,1.0,9140.90514,30.0,50.0,3072.0,1e-07,6.5,131.4,1e-05,6.37e-09,3072.0,10.0
2024-02-19_12-18-32,yolov5,8,1024,2400.0,600.0,300,,0.013273,0.017975,0.0068899,0.61341,0.62633,0.6203,0.40209,10.0,1.0,8423.148436,30.0,50.0,3072.0,1e-07,6.5,131.4,2e-05,1.27e-08,3072.0,10.0
2024-02-19_14-38-55,yolov5,8,1024,2400.0,600.0,300,,0.012464,0.016881,0.0053525,0.75019,0.65854,0.7213,0.47594,10.0,1.0,7940.318033,30.0,50.0,3072.0,1e-07,6.5,131.4,3e-05,1.91e-08,3072.0,10.0
2024-02-19_16-51-15,yolov5,8,1024,2400.0,600.0,300,,0.012875,0.016787,0.0051814,0.75109,0.66058,0.72701,0.48285,10.0,1.0,6118.660632,30.0,50.0,3072.0,1e-07,6.5,131.4,4e-05,2.55e-08,3072.0,10.0
2024-02-19_18-33-14,yolov5,8,1024,2400.0,600.0,300,,0.014619,0.019728,0.0089184,0.70334,0.64974,0.74083,0.48047,10.0,1.0,4640.638274,30.0,50.0,3072.0,1e-07,6.5,131.4,5e-05,3.19e-08,3072.0,10.0
2024-02-19_19-50-35,yolov5,8,1024,2400.0,600.0,300,,0.013247,0.019069,0.018615,0.52269,0.91152,0.7648,0.48761,10.0,1.0,4256.291164,30.0,50.0,3072.0,1e-07,6.5,131.4,6e-05,3.82e-08,3072.0,10.0
2024-02-19_21-01-31,yolov5,8,1024,2400.0,600.0,300,,0.011279,0.017235,0.003376,0.84775,0.74732,0.81548,0.56426,10.0,1.0,8711.48725,30.0,50.0,3072.0,1e-07,6.5,131.4,7e-05,4.46e-08,3072.0,10.0
2024-02-19_23-26-42,yolov5,8,1024,2400.0,600.0,300,,0.018053,0.021959,0.0079861,0.69692,0.62083,0.73979,0.44118,10.0,1.0,3960.170042,30.0,50.0,3072.0,1e-07,6.5,131.4,8e-05,5.1e-08,3072.0,10.0
2024-02-20_00-32-43,yolov5,8,1024,2400.0,600.0,300,,0.012867,0.018609,0.0042523,0.79811,0.68747,0.81778,0.53178,10.0,1.0,8826.054869,30.0,50.0,3072.0,1e-07,6.5,131.4,9e-05,5.73e-08,3072.0,10.0
2024-02-29_21-00-31,yolov5,8,1024,2400.0,600.0,300,,0.031135,0.02817,0.0068075,0.42844,0.47074,0.43742,0.20383,10.0,1.0,8813.659182,30.0,50.0,3072.0,1e-07,6.5,131.4,1e-05,6.37e-09,3072.0,10.0
2024-02-29_23-27-25,yolov5,8,1024,2400.0,600.0,300,,0.012464,0.016881,0.0053525,0.75019,0.65854,0.7213,0.47594,10.0,1.0,7587.392292,30.0,50.0,3072.0,1e-07,6.5,131.4,3e-05,1.91e-08,3072.0,10.0
2024-03-01_01-33-52,yolov5,8,1024,2400.0,600.0,300,,0.014619,0.019728,0.0089184,0.70334,0.64974,0.74083,0.48047,10.0,1.0,4637.487303,30.0,50.0,3072.0,1e-07,6.5,131.4,5e-05,3.19e-08,3072.0,10.0
2024-03-01_02-51-10,yolov5,8,1024,2400.0,600.0,300,,0.011279,0.017235,0.003376,0.84775,0.74732,0.81548,0.56426,10.0,1.0,8724.630596,30.0,50.0,3072.0,1e-07,6.5,131.4,7e-05,4.46e-08,3072.0,10.0
2024-03-01_05-16-35,yolov5,8,1024,2400.0,600.0,300,,0.012867,0.018609,0.0042523,0.79811,0.68747,0.81778,0.53178,10.0,1.0,8175.577913,30.0,50.0,3072.0,1e-07,6.5,131.4,9e-05,5.73e-08,3072.0,10.0
2024-03-01_19-54-38,yolov5,8,1024,800.0,200.0,300,,0.025271,0.024955,0.0072121,0.4652,0.4825,0.45763,0.25193,10.0,1.0,7924.042945,30.0,50.0,3072.0,1e-07,6.5,131.4,1e-05,6.37e-09,3072.0,3.0
2024-03-01_22-06-42,yolov5,8,1024,800.0,200.0,300,,0.010394,0.014854,0.0054993,0.71634,0.71367,0.73687,0.54145,10.0,1.0,9101.859487,30.0,50.0,3072.0,1e-07,6.5,131.4,3e-05,1.91e-08,3072.0,3.0
2024-03-02_00-38-24,yolov5,8,1024,800.0,200.0,300,,0.0097195,0.014214,0.0024113,0.93168,0.76786,0.85216,0.6391,10.0,1.0,9318.516087,30.0,50.0,3072.0,1e-07,6.5,131.4,5e-05,3.19e-08,3072.0,3.0
2024-03-02_03-13-43,yolov5,8,1024,800.0,200.0,300,,0.010199,0.014153,0.0026179,0.91653,0.7703,0.84094,0.62388,10.0,1.0,8653.584026,30.0,50.0,3072.0,1e-07,6.5,131.4,7e-05,4.46e-08,3072.0,3.0
2024-03-02_05-37-57,yolov5,8,1024,800.0,200.0,300,,0.010628,0.014397,0.0037714,0.90335,0.74024,0.90422,0.66025,10.0,1.0,7452.066651,30.0,50.0,3072.0,1e-07,6.5,131.4,9e-05,5.73e-08,3072.0,3.0
2024-03-02_07-42-09,yolov5,8,1024,800.0,200.0,300,,0.01045,0.015716,0.0057217,0.89598,0.71826,0.92453,0.6789,10.0,1.0,9179.074105,30.0,50.0,3072.0,1e-07,6.5,131.4,0.00011,7.01e-08,3072.0,3.0
2024-03-02_10-15-08,yolov5,8,1024,800.0,200.0,300,,0.012323,0.017345,0.005707,0.87345,0.7098,0.91755,0.66251,10.0,1.0,6743.175416,30.0,50.0,3072.0,1e-07,6.5,131.4,0.00013,8.28e-08,3072.0,3.0
2024-03-02_12-11-55,yolov5,16,1024,800.0,200.0,200,,0.015184,0.021386,0.012852,0.86438,0.584,0.93019,0.60565,10.0,1.0,4428.973065,30.0,50.0,3072.0,1e-07,6.5,131.4,0.00015,9.56e-08,3072.0,3.0
2024-03-03_11-09-58,yolov5,32,1024,800.0,200.0,200,,0.065825,0.34095,0.0014035,0.031758,0.095275,0.026661,0.0093698,100.0,1.0,2594.008557,30.0,50.0,3072.0,1e-07,6.5,131.4,1e-05,6.37e-09,3072.0,3.0
2024-03-03_13-33-52,yolov5,32,1024,800.0,200.0,200,,0.065825,0.34095,0.0014035,0.031758,0.095275,0.026661,0.0093698,100.0,1.0,2559.156821,30.0,50.0,3072.0,1e-07,6.5,131.4,1e-05,6.37e-09,3072.0,3.0
2024-03-02_13-25-45,yolov5,16,1024,800.0,200.0,200,,0.015096,0.019711,0.0094046,0.52665,0.92527,0.90314,0.55459,10.0,1.0,2812.295389,30.0,50.0,3072.0,1e-07,6.5,131.4,0.00017,1.08e-07,3072.0,3.0
2024-03-02_14-12-37,yolov5,16,1024,800.0,200.0,200,,0.013807,0.018039,0.0057683,0.83863,0.76018,0.9452,0.66732,10.0,1.0,1892.879086,30.0,50.0,3072.0,1e-07,6.5,131.4,0.00019,1.21e-07,3072.0,3.0
2024-03-02_14-44-10,yolov5,16,1024,800.0,200.0,200,,0.012029,0.017072,0.0051578,0.84256,0.78438,0.95035,0.69731,10.0,1.0,2360.427024,30.0,50.0,3072.0,1e-07,6.5,131.4,0.00021,1.34e-07,3072.0,3.0
2024-03-02_15-23-30,yolov5,16,1024,800.0,200.0,200,,0.017211,0.021509,0.0064836,0.8887,0.68997,0.94877,0.593,10.0,1.0,2123.882754,30.0,50.0,3072.0,1e-07,6.5,131.4,0.00023,1.47e-07,3072.0,3.0
2024-03-02_15-58-54,yolov5,16,1024,800.0,200.0,200,,0.012132,0.015812,0.0021267,0.95712,0.88908,0.9703,0.71415,10.0,1.0,2315.360112,30.0,50.0,3072.0,1e-07,6.5,131.4,0.00025,1.59e-07,3072.0,3.0
2024-03-02_16-43-59,yolov5,16,1024,800.0,200.0,1,,0.058656,0.028088,0.0085868,0.030012,0.186,0.021971,0.0043579,10.0,1.0,172.9444892,30.0,50.0,3072.0,1e-07,6.5,131.4,0.00015,9.56e-08,3072.0,3.0
2024-03-02_16-50-02,yolov5,16,1024,800.0,200.0,1,,0.058656,0.028088,0.0085868,0.030012,0.186,0.021971,0.0043579,10.0,1.0,171.0838742,30.0,50.0,3072.0,1e-07,6.5,131.4,0.00015,9.56e-08,3072.0,3.0
2024-03-02_16-53-52,yolov5,16,1024,800.0,200.0,1,,0.058656,0.028088,0.0085868,0.030012,0.186,0.021971,0.0043579,10.0,1.0,170.750447,30.0,50.0,3072.0,1e-07,6.5,131.4,0.00015,9.56e-08,3072.0,3.0
2024-03-02_16-56-43,yolov5,16,1024,800.0,200.0,1,,0.062826,0.025227,0.0090413,0.11735,0.37725,0.11193,0.022351,10.0,1.0,173.2092249,30.0,50.0,3072.0,1e-07,6.5,131.4,0.00017,1.08e-07,3072.0,3.0
2024-03-02_16-59-36,yolov5,16,1024,800.0,200.0,1,,0.053667,0.031017,0.0083531,0.19495,0.4355,0.21055,0.060333,10.0,1.0,173.3510982,30.0,50.0,3072.0,1e-07,6.5,131.4,0.00019,1.21e-07,3072.0,3.0
2024-03-02_17-04-21,yolov5,16,1024,800.0,200.0,1,,0.058656,0.028088,0.0085868,0.030012,0.186,0.021971,0.0043579,10.0,1.0,171.655651,30.0,50.0,3072.0,1e-07,6.5,131.4,0.00015,9.56e-08,3072.0,3.0
2024-03-02_17-11-19,yolov5,16,1024,800.0,200.0,300,,0.011863,0.017072,0.0016745,0.9658,0.9202,0.97402,0.72313,10.0,1.0,3181.414502,30.0,50.0,3072.0,1e-07,6.5,131.4,0.00025,1.59e-07,3072.0,3.0
2024-03-02_18-04-20,yolov5,16,1024,800.0,200.0,300,,0.012664,0.017667,0.0015202,0.95625,0.92429,0.97118,0.71148,10.0,1.0,3404.006991,30.0,50.0,3072.0,1e-07,6.5,131.4,0.00027,1.72e-07,3072.0,3.0
2024-03-02_19-21-39,yolov5,16,1024,800.0,200.0,300,,0.011863,0.017072,0.0016745,0.9658,0.9202,0.97402,0.72313,10.0,1.0,3170.843659,30.0,50.0,3072.0,1e-07,6.5,131.4,0.00025,1.59e-07,3072.0,3.0
2024-03-02_20-14-30,yolov5,16,1024,800.0,200.0,300,,0.012664,0.017667,0.0015202,0.95625,0.92429,0.97118,0.71148,10.0,1.0,3137.604286,30.0,50.0,3072.0,1e-07,6.5,131.4,0.00027,1.72e-07,3072.0,3.0
2024-03-02_21-21-30,yolov5,16,1024,800.0,200.0,300,,0.013557,0.017673,0.0011566,0.98653,0.94457,0.97678,0.72964,10.0,1.0,2136.619113,30.0,50.0,3072.0,1e-07,6.5,131.4,0.00029,1.85e-07,3072.0,3.0
2024-03-02_21-57-07,yolov5,16,1024,800.0,200.0,300,,0.013701,0.018763,0.0009901,0.97722,0.94414,0.97693,0.71899,10.0,1.0,1872.908567,30.0,50.0,3072.0,1e-07,6.5,131.4,0.00031,1.97e-07,3072.0,3.0
2024-03-02_22-28-20,yolov5,16,1024,800.0,200.0,300,,0.011459,0.01515,0.00071662,0.99868,0.96525,0.97692,0.75209,10.0,1.0,2293.325654,30.0,50.0,3072.0,1e-07,6.5,131.4,0.00033,2.1e-07,3072.0,3.0
2024-03-02_23-06-33,yolov5,16,1024,800.0,200.0,300,,0.011621,0.015144,0.00065853,0.99684,0.95939,0.977,0.76221,10.0,1.0,8504.147047,30.0,50.0,3072.0,1e-07,6.5,131.4,0.00035,2.23e-07,3072.0,3.0
2024-03-03_01-28-18,yolov5,16,1024,800.0,200.0,300,,0.013147,0.019249,0.00057921,0.99636,0.9705,0.9783,0.73041,10.0,1.0,3675.612501,30.0,50.0,3072.0,1e-07,6.5,131.4,0.00037,2.36e-07,3072.0,3.0
2024-03-03_02-29-33,yolov5,16,1024,800.0,200.0,300,,0.011198,0.016491,0.00047206,0.99788,0.96788,0.97677,0.75908,10.0,1.0,3407.491635,30.0,50.0,3072.0,1e-07,6.5,131.4,0.00039,2.48e-07,3072.0,3.0
2024-03-03_03-26-21,yolov5,16,1024,800.0,200.0,300,,0.014718,0.0202,0.00052839,0.99878,0.96525,0.97473,0.70409,10.0,1.0,2686.415742,30.0,50.0,3072.0,1e-07,6.5,131.4,0.00041,2.61e-07,3072.0,3.0
2024-03-03_04-11-07,yolov5,16,1024,800.0,200.0,300,,0.011454,0.014619,0.00048176,0.99841,0.9645,0.97752,0.76074,10.0,1.0,3439.811336,30.0,50.0,3072.0,1e-07,6.5,131.4,0.00043,2.74e-07,3072.0,3.0
2024-03-03_05-08-27,yolov5,16,1024,800.0,200.0,300,,0.010318,0.014423,0.00067945,0.99093,0.97307,0.98119,0.77572,10.0,1.0,3011.467882,30.0,50.0,3072.0,1e-07,6.5,131.4,0.00045,2.87e-07,3072.0,3.0
2024-03-03_05-58-39,yolov5,16,1024,800.0,200.0,300,,0.017391,0.019055,0.0007325,0.99744,0.96557,0.97824,0.68037,10.0,1.0,3276.028715,30.0,50.0,3072.0,1e-07,6.5,131.4,0.00047,2.99e-07,3072.0,3.0
2024-03-03_06-53-15,yolov5,16,1024,800.0,200.0,300,,0.014283,0.017789,0.00086506,0.99504,0.96592,0.97693,0.692,10.0,1.0,3415.837906,30.0,50.0,3072.0,1e-07,6.5,131.4,0.00049,3.12e-07,3072.0,3.0
2024-03-03_07-50-11,yolov5,16,1024,800.0,200.0,300,,0.011613,0.013598,0.00069171,0.99818,0.97703,0.98258,0.77026,10.0,1.0,2668.673631,30.0,50.0,3072.0,1e-07,6.5,131.4,0.00051,3.25e-07,3072.0,3.0
2024-03-03_08-34-40,yolov5,16,1024,800.0,200.0,300,,0.012279,0.016188,0.00054017,0.99864,0.96925,0.97913,0.75582,10.0,1.0,2658.903576,30.0,50.0,3072.0,1e-07,6.5,131.4,0.00053,3.38e-07,3072.0,3.0
2024-03-03_09-18-58,yolov5,16,1024,800.0,200.0,300,,0.014837,0.020289,0.00057926,0.99904,0.9692,0.98054,0.70798,10.0,1.0,2168.63679,30.0,50.0,3072.0,1e-07,6.5,131.4,0.00055,3.5e-07,3072.0,3.0
2024-03-03_09-55-07,yolov5,16,1024,800.0,200.0,300,,0.015115,0.020509,0.00055418,0.99898,0.96641,0.97772,0.70696,10.0,1.0,2203.340568,30.0,50.0,3072.0,1e-07,6.5,131.4,0.00057,3.63e-07,3072.0,3.0
2024-03-03_10-33-12,yolov5,16,1024,800.0,200.0,300,,0.013083,0.018939,0.00063353,0.99565,0.9712,0.98039,0.72996,10.0,1.0,2021.668074,30.0,50.0,3072.0,1e-07,6.5,131.4,0.00061,3.89e-07,3072.0,3.0
2024-03-03_11-06-54,yolov5,16,1024,800.0,200.0,300,,0.011757,0.015921,0.00055336,0.99917,0.97258,0.97903,0.77459,10.0,1.0,2373.298051,30.0,50.0,3072.0,1e-07,6.5,131.4,0.00071,4.52e-07,3072.0,3.0
2024-03-03_11-46-27,yolov5,16,1024,800.0,200.0,300,,0.015299,0.019173,0.00071635,0.99745,0.9655,0.97481,0.67632,10.0,1.0,2597.868942,30.0,50.0,3072.0,1e-07,6.5,131.4,0.00081,5.16e-07,3072.0,3.0
2024-03-03_12-29-45,yolov5,16,1024,800.0,200.0,300,,0.012089,0.016082,0.00072937,0.99836,0.97575,0.9825,0.78487,10.0,1.0,2050.41173,30.0,50.0,3072.0,1e-07,6.5,131.4,0.00091,5.8e-07,3072.0,3.0
2024-03-03_14-19-58,yolov5,16,1024,800.0,200.0,300,,0.013083,0.018939,0.00063353,0.99565,0.9712,0.98039,0.72996,10.0,1.0,2010.594412,30.0,50.0,3072.0,1e-07,6.5,131.4,0.00061,3.89e-07,3072.0,3.0
2024-03-03_14-53-28,yolov5,16,1024,800.0,200.0,300,,0.011757,0.015921,0.00055336,0.99917,0.97258,0.97903,0.77459,10.0,1.0,4983.090015,30.0,50.0,3072.0,1e-07,6.5,131.4,0.00071,4.52e-07,3072.0,3.0
2024-03-03_16-16-32,yolov5,16,1024,800.0,200.0,300,,0.015299,0.019173,0.00071635,0.99745,0.9655,0.97481,0.67632,10.0,1.0,2239.69103,30.0,50.0,3072.0,1e-07,6.5,131.4,0.00081,5.16e-07,3072.0,3.0
2024-03-03_16-53-51,yolov5,16,1024,800.0,200.0,300,,0.012089,0.016082,0.00072937,0.99836,0.97575,0.9825,0.78487,10.0,1.0,1955.009488,30.0,50.0,3072.0,1e-07,6.5,131.4,0.00091,5.8e-07,3072.0,3.0
2024-03-03_14-16-31,yolov5,32,1024,800.0,200.0,200,,0.0094053,0.10026,0.00080984,0.90118,0.65869,0.71303,0.55774,100.0,1.0,2504.598647,30.0,50.0,3072.0,1e-07,6.5,131.4,6e-05,3.82e-08,3072.0,3.0
2024-03-03_14-19-58,yolov5,16,1024,800.0,200.0,300,,0.013083,0.018939,0.00063353,0.99565,0.9712,0.98039,0.72996,10.0,1.0,2010.594412,30.0,50.0,3072.0,1e-07,6.5,131.4,0.00061,3.89e-07,3072.0,3.0
2024-03-03_19-49-14,yolov5,16,1024,800.0,200.0,300,,0.037935,0.011488,0.012309,0.53634,0.65333,0.55626,0.14019,3.0,1.0,2656.029715,30.0,50.0,3072.0,1e-07,6.5,131.4,1e-05,6.37e-09,3072.0,3.0
2024-03-03_14-58-16,yolov5,32,1024,800.0,200.0,200,,0.008765,0.094114,0.00048871,0.94054,0.76385,0.81425,0.61603,100.0,1.0,2580.083145,30.0,50.0,3072.0,1e-07,6.5,131.4,0.00011,7.01e-08,3072.0,3.0
2024-03-03_15-41-16,yolov5,32,1024,800.0,200.0,200,,0.0087822,0.094373,0.00041907,0.93349,0.81949,0.86153,0.66145,100.0,1.0,2492.230199,30.0,50.0,3072.0,1e-07,6.5,131.4,0.00016,1.02e-07,3072.0,3.0
2024-03-03_16-22-48,yolov5,32,1024,800.0,200.0,200,,0.0086649,0.091904,0.00031538,0.95275,0.85548,0.90464,0.70239,100.0,1.0,2459.239182,30.0,50.0,3072.0,1e-07,6.5,131.4,0.00021,1.34e-07,3072.0,3.0
2024-03-03_17-03-48,yolov5,32,1024,800.0,200.0,200,,0.0090709,0.097078,0.00034616,0.96293,0.87101,0.92702,0.69733,100.0,1.0,2481.652131,30.0,50.0,3072.0,1e-07,6.5,131.4,0.00026,1.66e-07,3072.0,3.0
2024-03-03_17-45-09,yolov5,32,1024,800.0,200.0,200,,0.0088107,0.090107,0.00028713,0.97682,0.92111,0.9598,0.75825,100.0,1.0,2485.589974,30.0,50.0,3072.0,1e-07,6.5,131.4,0.00031,1.97e-07,3072.0,3.0
2024-03-03_18-26-35,yolov5,32,1024,800.0,200.0,200,,0.00919,0.092927,0.00023074,0.98753,0.9474,0.97265,0.77103,100.0,1.0,2480.55885,30.0,50.0,3072.0,1e-07,6.5,131.4,0.00036,2.29e-07,3072.0,3.0
2024-03-03_19-07-55,yolov5,32,1024,800.0,200.0,200,,0.0098979,0.098965,0.00036786,0.99315,0.95124,0.97809,0.76212,100.0,1.0,2477.927448,30.0,50.0,3072.0,1e-07,6.5,131.4,0.00041,2.61e-07,3072.0,3.0
2024-03-03_19-49-13,yolov5,32,1024,800.0,200.0,200,,0.010633,0.10776,0.00024111,0.9926,0.96608,0.97793,0.76895,100.0,1.0,2492.177984,30.0,50.0,3072.0,1e-07,6.5,131.4,0.00046,2.93e-07,3072.0,3.0
2024-03-03_20-33-31,yolov5,16,1024,800.0,200.0,300,,0.01082,0.00598,0.0034285,0.90115,0.81265,0.91267,0.67614,3.0,1.0,7088.462582,30.0,50.0,3072.0,1e-07,6.5,131.4,6e-05,3.82e-08,3072.0,3.0
2024-03-03_20-30-46,yolov5,32,1024,800.0,200.0,200,,0.009133,0.093521,0.00032952,0.9936,0.96077,0.97906,0.79584,100.0,1.0,2477.552556,30.0,50.0,3072.0,1e-07,6.5,131.4,0.00051,3.25e-07,3072.0,3.0
2024-03-03_21-12-03,yolov5,32,1024,800.0,200.0,200,,0.011059,0.11216,0.00028009,0.99186,0.97072,0.98012,0.75594,100.0,1.0,2490.193107,30.0,50.0,3072.0,1e-07,6.5,131.4,0.00056,3.57e-07,3072.0,3.0
2024-03-03_21-53-33,yolov5,32,1024,800.0,200.0,200,,0.012021,0.11523,0.00045276,0.99513,0.95971,0.9801,0.72576,100.0,1.0,2495.674005,30.0,50.0,3072.0,1e-07,6.5,131.4,0.00061,3.89e-07,3072.0,3.0
2024-03-03_22-35-09,yolov5,32,1024,800.0,200.0,200,,0.010794,0.098933,0.00033641,0.99441,0.96538,0.97955,0.74774,100.0,1.0,2530.089534,30.0,50.0,3072.0,1e-07,6.5,131.4,0.00066,4.2e-07,3072.0,3.0
2024-03-03_22-31-39,yolov5,16,1024,800.0,200.0,300,,0.016763,0.0069247,0.0059953,0.86343,0.8149,0.9183,0.61772,3.0,1.0,13273.73585,30.0,50.0,3072.0,1e-07,6.5,131.4,0.00011,7.01e-08,3072.0,3.0
2024-03-04_02-12-53,yolov5,16,1024,800.0,200.0,300,,0.012051,0.0057825,0.0066998,0.84166,0.87836,0.95529,0.67851,3.0,1.0,2820.332245,30.0,50.0,3072.0,1e-07,6.5,131.4,0.00016,1.02e-07,3072.0,3.0
2024-03-04_02-59-53,yolov5,16,1024,800.0,200.0,300,,0.010818,0.0058019,0.002505,0.91688,0.9244,0.97036,0.74807,3.0,1.0,3623.165919,30.0,50.0,3072.0,1e-07,6.5,131.4,0.00021,1.34e-07,3072.0,3.0
2024-03-04_04-00-17,yolov5,16,1024,800.0,200.0,300,,0.009384,0.0062385,0.00093155,0.98903,0.94598,0.97262,0.7797,3.0,1.0,3883.704965,30.0,50.0,3072.0,1e-07,6.5,131.4,0.00026,1.66e-07,3072.0,3.0
2024-03-04_05-05-00,yolov5,16,1024,800.0,200.0,300,,0.01287,0.0052682,0.00097773,0.98786,0.95487,0.97725,0.77348,3.0,1.0,3052.383765,30.0,50.0,3072.0,1e-07,6.5,131.4,0.00031,1.97e-07,3072.0,3.0
2024-03-04_05-55-53,yolov5,16,1024,800.0,200.0,300,,0.009097,0.0051648,0.00040274,0.99683,0.96904,0.97514,0.80532,3.0,1.0,2969.428351,30.0,50.0,3072.0,1e-07,6.5,131.4,0.00036,2.29e-07,3072.0,3.0
2024-03-04_06-45-22,yolov5,16,1024,800.0,200.0,300,,0.013249,0.0054448,0.00058128,0.9972,0.9729,0.97935,0.76935,3.0,1.0,2732.616727,30.0,50.0,3072.0,1e-07,6.5,131.4,0.00041,2.61e-07,3072.0,3.0
2024-03-03_23-17-19,yolov5,32,1024,800.0,200.0,200,,0.011546,0.11661,0.00033503,0.99914,0.96697,0.97978,0.75066,100.0,1.0,2552.405613,30.0,50.0,3072.0,1e-07,6.5,131.4,0.00071,4.52e-07,3072.0,3.0
2024-03-03_23-59-52,yolov5,32,1024,800.0,200.0,200,,0.0089531,0.093403,0.00040061,0.98773,0.96575,0.97842,0.79329,100.0,1.0,2562.081504,30.0,50.0,3072.0,1e-07,6.5,131.4,0.00076,4.84e-07,3072.0,3.0
2024-03-04_00-42-34,yolov5,32,1024,800.0,200.0,200,,0.010951,0.10397,0.00051515,0.99607,0.96396,0.97945,0.73978,100.0,1.0,2571.697667,30.0,50.0,3072.0,1e-07,6.5,131.4,0.00081,5.16e-07,3072.0,3.0
2024-03-04_01-25-25,yolov5,32,1024,800.0,200.0,200,,0.0095322,0.095164,0.00042965,0.99182,0.96773,0.98127,0.79138,100.0,1.0,2562.232521,30.0,50.0,3072.0,1e-07,6.5,131.4,0.00086,5.48e-07,3072.0,3.0
2024-03-04_02-08-08,yolov5,32,1024,800.0,200.0,200,,0.0090512,0.08936,0.00023156,0.99861,0.96522,0.98124,0.80844,100.0,1.0,2547.841063,30.0,50.0,3072.0,1e-07,6.5,131.4,0.00091,5.8e-07,3072.0,3.0
2024-03-04_02-50-36,yolov5,32,1024,800.0,200.0,200,,0.0095665,0.097139,0.00053971,0.98535,0.96792,0.98036,0.76621,100.0,1.0,2581.78302,30.0,50.0,3072.0,1e-07,6.5,131.4,0.00096,6.12e-07,3072.0,3.0
2024-03-04_07-30-55,yolov5,16,1024,800.0,200.0,300,,0.0096647,0.0048802,0.00035139,0.99952,0.96917,0.97655,0.8201,3.0,1.0,10243.8442,30.0,50.0,3072.0,1e-07,6.5,131.4,0.00046,2.93e-07,3072.0,3.0
2024-03-04_10-21-39,yolov5,16,1024,800.0,200.0,300,,0.012036,0.0060335,0.00056016,0.99878,0.96129,0.97254,0.75662,3.0,1.0,2387.439974,30.0,50.0,3072.0,1e-07,6.5,131.4,0.00051,3.25e-07,3072.0,3.0
2024-03-04_11-01-26,yolov5,16,1024,800.0,200.0,300,,0.010457,0.0066106,0.00036888,0.99721,0.96831,0.97575,0.77027,3.0,1.0,2311.392548,30.0,50.0,3072.0,1e-07,6.5,131.4,0.00056,3.57e-07,3072.0,3.0
2024-03-04_11-39-58,yolov5,16,1024,800.0,200.0,300,,0.01333,0.0068914,0.00059697,0.99695,0.96083,0.97249,0.74244,3.0,1.0,1854.515294,30.0,50.0,3072.0,1e-07,6.5,131.4,0.00061,3.89e-07,3072.0,3.0
2024-03-04_12-10-52,yolov5,16,1024,800.0,200.0,300,,0.010441,0.0063013,0.00051253,0.99615,0.97281,0.97965,0.77343,3.0,1.0,3586.708766,30.0,50.0,3072.0,1e-07,6.5,131.4,0.00066,4.2e-07,3072.0,3.0
2024-03-04_13-10-39,yolov5,16,1024,800.0,200.0,300,,0.0095299,0.0057847,0.0003139,0.99968,0.9775,0.9803,0.80551,3.0,1.0,4503.010197,30.0,50.0,3072.0,1e-07,6.5,131.4,0.00071,4.52e-07,3072.0,3.0
2024-03-04_14-25-42,yolov5,16,1024,800.0,200.0,300,,0.011562,0.0050555,0.00055045,0.99869,0.96734,0.97543,0.78005,3.0,1.0,2509.087927,30.0,50.0,3072.0,1e-07,6.5,131.4,0.00076,4.84e-07,3072.0,3.0
2024-03-04_15-07-31,yolov5,16,1024,800.0,200.0,300,,0.0092908,0.0048839,0.00052805,0.99922,0.9725,0.98044,0.79715,3.0,1.0,2799.023906,30.0,50.0,3072.0,1e-07,6.5,131.4,0.00081,5.16e-07,3072.0,3.0
2024-03-04_15-54-10,yolov5,16,1024,800.0,200.0,300,,0.01082,0.0058661,0.00039772,0.99954,0.9775,0.98272,0.75513,3.0,1.0,2125.299235,30.0,50.0,3072.0,1e-07,6.5,131.4,0.00086,5.48e-07,3072.0,3.0
2024-03-04_16-29-36,yolov5,16,1024,800.0,200.0,300,,0.011727,0.0052836,0.00056844,0.99982,0.97083,0.97605,0.79869,3.0,1.0,1925.340194,30.0,50.0,3072.0,1e-07,6.5,131.4,0.00091,5.8e-07,3072.0,3.0
2024-03-04_17-01-41,yolov5,16,1024,800.0,200.0,300,,0.012614,0.0061841,0.00061828,0.99906,0.9722,0.98101,0.74483,3.0,1.0,2074.436858,30.0,50.0,3072.0,1e-07,6.5,131.4,0.00096,6.12e-07,3072.0,3.0
2024-03-07_10-03-05,yolov5,16,1024,800.0,200.0,300,,0.032604,0.029577,0.0073988,0.48726,0.47463,0.41052,0.17212,10.0,1.0,5067.1496256,30.0,50.0,3072.0,1e-07,6.5,131.4,1e-05,6.370445785761036e-09,3072.0,10.0
2024-03-07_11-27-33,yolov5,16,1024,800.0,200.0,300,,0.013998,0.019794,0.0054611,0.77696,0.66784,0.76376,0.48452,10.0,1.0,2942.5670905,30.0,50.0,3072.0,1e-07,6.5,131.4,6e-05,3.822267471456621e-08,3072.0,10.0
2024-03-07_12-16-35,yolov5,16,1024,800.0,200.0,300,,0.023183,0.020205,0.0065503,0.41211,0.90025,0.69858,0.41103,10.0,1.0,1850.6565797000003,30.0,50.0,3072.0,1e-07,6.5,131.4,0.00011,7.00749036433714e-08,3072.0,10.0
2024-03-07_12-47-26,yolov5,16,1024,800.0,200.0,300,,0.025627,0.025373,0.0074038,0.85061,0.70712,0.76947,0.34253,10.0,1.0,2015.0448234000007,30.0,50.0,3072.0,1e-07,6.5,131.4,0.00016,1.019271325721766e-07,3072.0,10.0
2024-03-07_13-21-01,yolov5,16,1024,800.0,200.0,300,,0.022051,0.02683,0.014357,0.53882,0.91616,0.76801,0.43252,10.0,1.0,5358.324100000002,30.0,50.0,3072.0,1e-07,6.5,131.4,0.00021,1.3377936150098177e-07,3072.0,10.0
2024-03-07_14-50-19,yolov5,16,1024,800.0,200.0,300,,0.022583,0.030658,0.0074532,0.81394,0.66467,0.90141,0.43863,10.0,1.0,2567.8037165000023,30.0,50.0,3072.0,1e-07,6.5,131.4,0.00026,1.6563159042978698e-07,3072.0,10.0
2024-03-07_15-33-07,yolov5,16,1024,800.0,200.0,300,,0.019059,0.023409,0.0016351,0.96125,0.83985,0.92435,0.53447,10.0,1.0,2345.6621242,30.0,50.0,3072.0,1e-07,6.5,131.4,0.00031,1.9748381935859214e-07,3072.0,10.0
2024-03-07_16-12-13,yolov5,16,1024,800.0,200.0,300,,0.014478,0.021998,0.0010958,0.96509,0.89189,0.9317,0.59919,10.0,1.0,2463.1515679000004,30.0,50.0,3072.0,1e-07,6.5,131.4,0.00036,2.293360482873973e-07,3072.0,10.0
2024-03-07_16-53-16,yolov5,16,1024,800.0,200.0,300,,0.017526,0.022468,0.00079167,0.97793,0.90475,0.9464,0.61705,10.0,1.0,2798.268854599999,30.0,50.0,3072.0,1e-07,6.5,131.4,0.00041,2.611882772162025e-07,3072.0,10.0
2024-03-07_17-39-54,yolov5,16,1024,800.0,200.0,300,,0.01455,0.021586,0.00080403,0.98914,0.9205,0.95113,0.61918,10.0,1.0,2484.8969841,30.0,50.0,3072.0,1e-07,6.5,131.4,0.00046,2.930405061450077e-07,3072.0,10.0
2024-03-07_18-21-19,yolov5,16,1024,800.0,200.0,300,,0.016996,0.019461,0.00079727,0.99553,0.93322,0.95222,0.66705,10.0,1.0,2240.540914000001,30.0,50.0,3072.0,1e-07,6.5,131.4,0.00051,3.2489273507381285e-07,3072.0,10.0
2024-03-07_18-58-40,yolov5,16,1024,800.0,200.0,300,,0.017541,0.023471,0.00055855,0.98743,0.93086,0.94498,0.58028,10.0,1.0,2790.084565299996,30.0,50.0,3072.0,1e-07,6.5,131.4,0.00056,3.567449640026181e-07,3072.0,10.0
2024-03-07_19-45-10,yolov5,16,1024,800.0,200.0,300,,0.02085,0.023985,0.00068013,0.98822,0.93179,0.95206,0.58585,10.0,1.0,2697.7639594,30.0,50.0,3072.0,1e-07,6.5,131.4,0.00061,3.885971929314233e-07,3072.0,10.0
2024-03-07_20-30-08,yolov5,16,1024,800.0,200.0,300,,0.019025,0.023952,0.00088229,0.98566,0.93429,0.94892,0.59502,10.0,1.0,2231.9267464000004,30.0,50.0,3072.0,1e-07,6.5,131.4,0.00066,4.204494218602285e-07,3072.0,10.0
2024-03-07_21-07-20,yolov5,16,1024,800.0,200.0,300,,0.017668,0.02036,0.0012494,0.98673,0.9225,0.95226,0.63605,10.0,1.0,2247.667235000001,30.0,50.0,3072.0,1e-07,6.5,131.4,0.00071,4.523016507890336e-07,3072.0,10.0
2024-03-07_21-44-48,yolov5,16,1024,800.0,200.0,300,,0.014906,0.02099,0.00072425,0.99042,0.93863,0.95313,0.6249,10.0,1.0,2201.5201210000014,30.0,50.0,3072.0,1e-07,6.5,131.4,0.00076,4.841538797178388e-07,3072.0,10.0
2024-03-07_22-21-29,yolov5,16,1024,800.0,200.0,300,,0.017522,0.021616,0.00077741,0.99211,0.94302,0.95551,0.61686,10.0,1.0,2205.8041085000004,30.0,50.0,3072.0,1e-07,6.5,131.4,0.00081,5.160061086466439e-07,3072.0,10.0
2024-03-07_22-58-15,yolov5,16,1024,800.0,200.0,300,,0.019972,0.021087,0.00087686,0.99255,0.93125,0.95312,0.614,10.0,1.0,2192.805924599997,30.0,50.0,3072.0,1e-07,6.5,131.4,0.00086,5.478583375754491e-07,3072.0,10.0
2024-03-07_23-34-48,yolov5,16,1024,800.0,200.0,300,,0.018745,0.024803,0.00061068,0.99495,0.94201,0.95009,0.5802,10.0,1.0,2543.873827700001,30.0,50.0,3072.0,1e-07,6.5,131.4,0.00091,5.797105665042543e-07,3072.0,10.0
2024-03-08_00-17-12,yolov5,16,1024,800.0,200.0,300,,0.019308,0.02608,0.00051301,0.99715,0.94385,0.95159,0.60904,10.0,1.0,2666.6035767000067,30.0,50.0,3072.0,1e-07,6.5,131.4,0.00096,6.115627954330594e-07,3072.0,10.0
